Id,Input,Label
501,-0.54016-1.4739i,2
502,-1.0579-0.69458i,1
503,0.80352+0.33073i,1
504,0.83262-1.1943i,1
505,-0.82501+0.99524i,3
506,0.27209+0.75401i,2
507,-0.413+1.0339i,1
508,-0.55749+0.41087i,1
509,-0.25249+0.31301i,1
510,-1.2267-0.61969i,3
511,-0.25086+1.6972i,2
512,-0.48327+0.15715i,1
513,1.5291-0.77707i,1
514,1.5411+0.99083i,3
515,-0.86901-0.058694i,1
516,-1.0158+0.49469i,3
517,1.6725+0.97179i,1
518,-1.3212+0.53097i,3
519,1.0171-0.68186i,1
520,-0.5473+1.0857i,2
521,-0.49727+0.13351i,1
522,-0.012823+0.66894i,3
523,-0.31835-1.2214i,3
524,-0.52429+0.11732i,2
525,0.36009-1.4926i,2
526,0.071005+0.2522i,2
527,-0.64868-0.61838i,3
528,-1.1072+0.51009i,1
529,-0.31121+0.3645i,1
530,-1.0881-0.74436i,1
531,-0.99263-0.77759i,2
532,-0.9376+0.68376i,2
533,1.6698+1.2739i,3
534,0.14161+1.2999i,2
535,0.97217+0.82707i,2
536,0.54942+0.85589i,1
537,-0.25184-1.0458i,2
538,1.0418-0.035684i,2
539,0.22635-0.70986i,3
540,-0.27168-0.70197i,2
541,-0.88347+0.33117i,3
542,-0.80633-0.12661i,2
543,-1.072+1.3189i,3
544,0.81158+0.11841i,3
545,-0.81821-1.2274i,3
546,-0.079221-0.19827i,3
547,0.43546+0.91534i,1
548,1.5351-0.78359i,1
549,-0.26976-0.45946i,3
550,0.085875+0.58633i,3
551,-0.42298-0.23929i,3
552,-0.78459-1.1082i,1
553,-0.7627-0.43005i,3
554,-1.2036+0.86984i,2
555,-0.36451+0.18958i,2
556,1.1039+0.92397i,2
557,0.95361-1.0405i,2
558,-0.027348-0.8458i,1
559,1.578+0.53456i,1
560,0.20465-0.46741i,3
561,-0.62177-0.52693i,1
562,-1.039+0.98955i,1
563,0.94106+0.99062i,1
564,-1.2852-1.3377i,2
565,0.12065-0.74892i,1
566,1.3917-0.62965i,1
567,-0.85205+1.7514i,3
568,-0.64782-0.77633i,1
569,0.6125-1.1961i,2
570,0.61424+1.0516i,2
571,0.48669-0.20962i,3
572,0.028067+1.1542i,1
573,1.0976-1.4112i,2
574,0.52221-1.3499i,3
575,-0.49172-1.0939i,1
576,-1.1594-1.5236i,2
577,-0.70422+1.2258i,3
578,0.68383-1.2824i,1
579,0.42073+0.91808i,1
580,1.1008-0.68663i,2
581,1.2457-0.79602i,3
582,0.0081532+0.66128i,3
583,-0.38958+0.22011i,1
584,-0.56536+0.9744i,2
585,1.4874+0.42847i,3
586,-0.38205-0.27202i,2
587,-1.2123-0.32426i,3
588,-0.60477+0.24022i,3
589,-0.7087+0.84563i,1
590,-1.0258+0.55793i,1
591,-0.78322+0.18951i,3
592,0.41055-0.36908i,1
593,-0.77849-0.83165i,3
594,-0.60455+0.88611i,2
595,0.87877+0.47372i,1
596,-0.70566-0.88518i,2
597,-0.9599-1.408i,2
598,-0.59594-0.43264i,2
599,-0.78658-0.054214i,2
600,-0.73941-0.93814i,2
601,-1.126+0.39175i,3
602,-0.10247-0.73369i,1
603,-0.29715-0.096347i,3
604,-1.3308-1.477i,3
605,-0.24478+0.71878i,3
606,0.20735+0.52439i,2
607,1.0269+0.71345i,2
608,0.11282+0.58106i,3
609,-1.4749-1.0213i,2
610,0.12623-0.022803i,2
611,1.3928+0.64042i,2
612,-0.066992-0.45374i,3
613,-0.57252+0.89039i,1
614,-0.72286+0.16965i,1
615,-0.50459+0.38569i,1
616,-0.76428+1.2755i,1
617,0.57467-0.50366i,3
618,0.77201+0.098633i,1
619,-1.4302-1.1627i,3
620,-0.52207-1.0994i,1
621,-0.29877-0.54872i,2
622,-1.2918-1.2982i,3
623,1.1667-1.0793i,3
624,-0.92543-0.53936i,2
625,-0.045704-1.1059i,2
626,1.4559+1.0939i,3
627,0.84989+0.21006i,3
628,1.2338-0.092453i,3
629,-0.41923+1.5649i,2
630,-1.1719+0.7644i,1
631,-0.90835+1.0739i,3
632,0.32282-0.75913i,1
633,1.0292+0.021534i,3
634,-0.39798-0.95798i,2
635,-0.79383+0.85324i,1
636,0.28665-1.2385i,2
637,-1.1382-0.19139i,2
638,-2.1792-0.90895i,1
639,1.143-0.15416i,1
640,0.49091-0.82931i,2
641,-0.079159+1.6161i,2
642,-1.1189-1.4723i,3
643,-0.061704-0.33582i,2
644,-0.34076-1.1286i,2
645,0.63454+0.69981i,3
646,-1.171-0.88571i,3
647,0.61903-0.34863i,1
648,-0.045498+0.2391i,2
649,0.70211+0.50072i,2
650,-0.30596-1.1463i,2
651,-0.20034+1.0018i,3
652,-0.79205+1.202i,1
653,-0.26547+0.81291i,2
654,0.81656+0.60593i,1
655,-1.3586-1.185i,3
656,-0.30447-0.15127i,1
657,-1.6438+0.47479i,3
658,0.26403-0.35847i,2
659,0.35331-0.8033i,2
660,-0.39923+0.5254i,1
661,0.62096+0.86373i,2
662,-0.67655-0.5139i,1
663,0.95466-0.29944i,3
664,-1.1664+1.0411i,3
665,-0.26237-1.1754i,1
666,-1.543-1.1023i,1
667,-0.59329-0.8488i,3
668,1.3217-0.42408i,1
669,-1.1225+0.54428i,3
670,-0.79898+0.82438i,3
671,-0.84376-0.69032i,2
672,1.169+1.7142i,1
673,-0.72727+1.2591i,1
674,-0.70417-1.2504i,1
675,-0.049274+0.63534i,2
676,-1.5675+0.99746i,3
677,0.15634+0.029406i,1
678,-0.25153-2.2221i,3
679,-0.93732+0.59867i,1
680,-1.0373-0.33563i,1
681,-0.76977-0.2913i,1
682,-1.7277-0.80554i,3
683,0.16842-0.92633i,3
684,1.4055+0.55606i,3
685,0.38377-0.85038i,2
686,0.19275+1.0922i,2
687,0.91559+0.45459i,3
688,-0.36454-1.6821i,3
689,0.075106+0.57391i,3
690,-1.8796-0.044691i,3
691,-0.21251-0.31631i,3
692,-0.074545-1.0022i,1
693,-0.39443-0.72664i,2
694,1.2565-1.1012i,2
695,0.74469+0.49612i,1
696,-0.0074935+0.74766i,1
697,0.4465+0.65716i,2
698,0.72874-0.57037i,1
699,-1.152-0.17542i,3
700,0.18958+1.7777i,1
701,0.50709+0.083878i,3
702,-1.0596+0.91329i,3
703,-0.83616+0.94258i,2
704,-2.2048+0.60022i,2
705,0.52149-0.70184i,2
706,-0.70413-0.53872i,3
707,0.79328-0.85791i,1
708,-0.28982-0.31771i,3
709,0.78773-0.58725i,3
710,-0.78799+1.3051i,2
711,0.85198-0.55395i,3
712,-0.47271-0.55317i,2
713,-0.10187+0.15545i,1
714,-0.48343+0.69896i,1
715,0.97881+1.3916i,1
716,0.56407-0.43493i,2
717,0.7445-1.9972i,1
718,-0.26125-0.82588i,2
719,0.97708-0.76355i,1
720,0.62757+0.77764i,3
721,0.4163+0.82635i,2
722,1.3026+0.72878i,1
723,0.19266-0.30439i,2
724,0.5315+0.83957i,2
725,-0.65151-0.0070068i,1
726,1.0891+0.79207i,3
727,0.3407-0.42986i,2
728,-0.959-0.66995i,2
729,-1.576-0.50988i,2
730,-0.66427-0.30855i,1
731,0.091639+1.2594i,2
732,0.046779+0.065501i,3
733,-1.0058-0.97294i,1
734,-1.0659+0.60974i,3
735,0.44443-1.0456i,1
736,1.2352+0.70437i,3
737,0.96766-0.49286i,2
738,0.71557+1.328i,3
739,-0.14779+1.2964i,3
740,-0.70642+1.8719i,2
741,-0.10124+0.29997i,3
742,-1.0697+0.22158i,1
743,-0.99046-0.54354i,1
744,0.95806-0.48644i,2
745,-0.74171+0.18336i,1
746,-0.49078-0.76407i,1
747,0.63934+1.3844i,1
748,0.36847+0.64766i,1
749,0.62368+1.0436i,2
750,-0.01727+0.66177i,3
751,0.32078-1.4257i,2
752,0.36684-0.66634i,3
753,0.84556+0.82728i,2
754,0.50176-0.42907i,2
755,1.1359+0.50273i,3
756,0.9929+0.90802i,3
757,0.91898-0.1005i,2
758,-0.29653+0.46345i,3
759,1.1195-0.70056i,1
760,0.1226+0.41729i,2
761,0.94115+0.030199i,1
762,0.97807+1.2985i,2
763,0.68713-0.67681i,1
764,0.2267+0.39577i,2
765,0.13317+1.1864i,2
766,-0.52791-0.96968i,3
767,-1.0624-0.47096i,3
768,0.76717+0.58807i,3
769,0.22885+0.5266i,2
770,-0.3285-0.1097i,2
771,1.256-0.00063423i,2
772,0.9899-0.33183i,1
773,-0.50918-0.44577i,1
774,0.51051-0.46539i,3
775,0.55758-0.49888i,1
776,0.74675-0.22894i,1
777,0.7274-1.2048i,2
778,1.2153+0.64283i,2
779,0.01887+1.3484i,2
780,0.2168+0.82691i,1
781,-0.3853+0.56621i,1
782,1.2496-0.81688i,3
783,-1.1671+0.12832i,3
784,0.17734-0.75656i,2
785,-0.8823+0.70359i,3
786,-1.1783-0.0051852i,2
787,-0.28902+0.57172i,1
788,0.96473-0.0547i,3
789,0.6483-1.2564i,3
790,0.30475+0.091407i,3
791,0.52747+0.37796i,2
792,0.50955-0.13923i,2
793,0.69822+0.87679i,1
794,0.66909+0.33064i,2
795,-0.60625-0.68097i,2
796,-0.57186-0.93326i,1
797,-0.016114-1.8737i,2
798,0.19465-0.21799i,2
799,1.038-0.83923i,3
800,-0.67663+0.63009i,1
801,-0.56262+0.53512i,2
802,-0.14939-1.5286i,1
803,0.87888+0.91809i,1
804,-0.73833+0.94024i,2
805,0.55176+0.97483i,1
806,0.073717-1.558i,3
807,1.4409+0.08068i,3
808,0.97585-0.067952i,2
809,1.034-1.0781i,2
810,0.45832+0.62732i,1
811,0.83422+0.18163i,3
812,0.81351-1.0602i,3
813,-1.2356+0.90534i,1
814,0.63688+1.124i,1
815,0.16395+0.6124i,2
816,0.46453-0.8465i,2
817,-0.87151-0.4512i,3
818,-0.26225-1.2891i,2
819,-1.1361+0.43817i,1
820,1.6534-0.65756i,3
821,-0.29495+0.49295i,3
822,-1.516+0.93316i,1
823,0.10644+0.51469i,1
824,-1.1008+0.29107i,2
825,1.1587-0.145i,2
826,0.19169+0.92854i,2
827,0.51423-1.8797i,2
828,0.37922+0.19148i,1
829,0.35537+0.46216i,2
830,-0.91835+0.084792i,3
831,0.42495-0.42042i,3
832,-1.0773+0.74141i,3
833,-0.39865-0.31382i,3
834,-0.2857+0.64222i,2
835,0.84139+0.54276i,1
836,-0.47852-0.72709i,3
837,0.81138+1.0507i,3
838,1.2424+0.57906i,3
839,-0.53797-0.084015i,2
840,1.2361+0.49632i,1
841,-0.64063+0.81589i,2
842,1.0128+0.5535i,2
843,-0.16026+0.022539i,2
844,0.66159-0.04041i,1
845,-0.24421-0.42786i,3
846,1.6356+0.94514i,3
847,-1.3717+0.0866i,3
848,0.72685-0.97521i,2
849,-0.67544-1.5812i,2
850,0.97363-0.13314i,3
851,0.94353+0.3873i,1
852,-0.44615+0.9883i,2
853,-0.35702-0.66059i,1
854,0.17689-0.36128i,3
855,-0.064934+0.75051i,2
856,0.50731+0.54893i,2
857,0.74953+0.74658i,1
858,1.5858-0.6424i,3
859,0.46313-0.45794i,3
860,0.14591-0.62811i,2
861,1.2517+0.88925i,1
862,-0.35851-1.2659i,3
863,-0.79165+1.2669i,1
864,0.86305+1.6698i,3
865,-0.19945+1.2464i,3
866,-0.57053-0.89501i,3
867,0.81888+0.52629i,2
868,-1.0845+0.90297i,1
869,0.74053-0.3291i,3
870,0.84927-0.82399i,1
871,-1.2411-0.1941i,2
872,0.20949-0.65164i,3
873,1.6613-1.0348i,1
874,-0.20281+0.85958i,2
875,-0.70659-0.4659i,2
876,-0.59835+0.070169i,1
877,0.40043+0.51471i,3
878,-0.75175+0.17334i,2
879,0.98843-0.63342i,1
880,0.24063-0.17072i,2
881,0.49545+0.4089i,2
882,1.1191+0.046025i,2
883,-0.19246+0.21487i,3
884,-1.0263+0.37513i,2
885,0.72784+1.0785i,1
886,0.88183-0.73603i,2
887,-1.1861+0.20921i,1
888,0.57181+0.76115i,3
889,0.84119-1.134i,1
890,-0.22338-1.4515i,3
891,-0.34876+0.69522i,1
892,-1.3381+0.83917i,1
893,0.84494-0.87553i,3
894,0.89362+1.5679i,2
895,0.56935+1.2017i,3
896,-0.018742-0.30741i,1
897,1.3536+0.90247i,1
898,-0.70375-0.54053i,3
899,-0.8815+1.4286i,2
900,0.4869-0.13882i,1
901,-0.17982+0.73222i,2
902,-1.2816-0.36145i,3
903,0.17103-0.33765i,2
904,1.2299+0.072746i,3
905,-0.31299-0.36191i,2
906,-0.60215-1.2749i,3
907,-1.2108-0.92254i,3
908,1.0209-0.89854i,3
909,-0.65744-0.52464i,2
910,0.94649-1.2601i,1
911,-0.052192+0.78987i,3
912,1.2034+1.4315i,2
913,1.06+1.078i,1
914,-0.88372-0.13677i,3
915,1.274-0.22429i,3
916,-2.036+0.17798i,3
917,-0.10931+0.28576i,3
918,-0.84991+0.038219i,3
919,-0.31059-0.66703i,1
920,0.27779-0.098675i,1
921,1.7426-0.27789i,3
922,-0.17227+1.1595i,1
923,1.3139-0.41334i,2
924,0.36542-0.71327i,1
925,-1.117+0.49959i,1
926,-1.6023-1.5414i,2
927,0.45031-1.2516i,2
928,0.90998-0.32509i,1
929,1.0224+0.16561i,2
930,0.52236+0.82432i,1
931,-0.92104+0.79818i,1
932,-0.72637-0.79437i,1
933,1.2828-0.41668i,2
934,0.21469-0.78169i,2
935,-1.2601+0.10446i,2
936,-1.1923+0.30911i,3
937,-0.29731+1.0822i,3
938,0.3402-1.0919i,2
939,0.40887+0.97722i,3
940,-0.64024-0.36356i,1
941,0.88624+0.24929i,2
942,0.57177+0.99905i,3
943,0.8768-0.57099i,3
944,0.20329-0.48703i,2
945,1.3869-0.97799i,2
946,-0.62338+1.1725i,3
947,0.52082+1.1057i,2
948,-0.42627+0.58697i,3
949,-0.39832-1.3416i,3
950,0.10018-0.44476i,2
951,1.1869+1.8678i,2
952,0.71761+0.71535i,3
953,1.0232+1.5133i,1
954,-1.0149-0.63314i,1
955,-1.1329-0.18038i,3
956,-1.1168+1.2181i,3
957,-1.2229-0.36131i,2
958,-0.10282+0.86513i,2
959,-0.08203-0.066041i,2
960,0.88284-0.36091i,2
961,-0.5082+0.58781i,1
962,-0.013102+0.88599i,3
963,0.15691+0.83308i,2
964,0.56935+0.4673i,1
965,-0.89176+1.2426i,2
966,0.26451+0.92119i,3
967,-0.95128+1.1892i,1
968,0.60163-0.59705i,1
969,0.33887+0.90055i,2
970,0.58448+0.40672i,1
971,1.2214-0.077088i,3
972,-0.061101-1.499i,1
973,0.50985+1.4001i,2
974,0.054764+0.86378i,3
975,0.049677+0.19387i,1
976,-0.42763-0.14175i,3
977,0.78828+0.34706i,2
978,0.81707+0.06496i,1
979,-1.5024-0.65126i,1
980,0.50528-1.3597i,2
981,0.44822+0.42736i,3
982,-0.9481-0.31597i,1
983,-0.84209-1.1866i,2
984,0.73696+1.2466i,2
985,-0.52253+0.16249i,2
986,0.066489-0.64587i,2
987,0.65037-1.3384i,1
988,0.16418+0.45982i,3
989,-0.68812-0.84176i,3
990,-0.749-0.79927i,1
991,-0.66824+1.1304i,2
992,-1.4925-0.41186i,3
993,0.19361-0.43553i,3
994,-1.3438-0.19421i,3
995,0.020877-0.54331i,2
996,-0.78877-0.43207i,3
997,1.0958-1.1787i,3
998,-1.3666-0.8667i,3
999,-0.19877+0.89153i,2
1000,0.76512-0.0037647i,2
1001,0.22779-1.2478i,3
1002,-0.18547-0.65195i,3
1003,0.6367-0.8944i,3
1004,-0.58624-0.35735i,2
1005,0.65898+1.319i,3
1006,-1.2294-0.89852i,1
1007,0.49112-0.2557i,3
1008,0.42569-0.25182i,2
1009,0.72146-0.62675i,1
1010,0.19923-0.64871i,2
1011,-0.77365-0.12322i,2
1012,-0.76907-0.54481i,2
1013,-1.5288+1.1325i,3
1014,-0.83562-0.13655i,2
1015,-0.52811+0.83495i,2
1016,0.22141+0.41095i,3
1017,0.54938-0.56481i,3
1018,1.603+0.023923i,3
1019,-1.3764+0.10355i,3
1020,0.026877+0.6999i,1
1021,-0.50356+0.053549i,3
1022,0.60828+0.44537i,2
1023,-1.2834+0.82333i,2
1024,0.44587+1.0174i,1
1025,-1.3226+0.43849i,3
1026,-1.3046-0.30626i,3
1027,1.1519-0.38422i,1
1028,-0.93412+0.68513i,1
1029,0.62594+1.048i,2
1030,-0.080178+0.80365i,3
1031,-0.42382+0.9327i,1
1032,0.9503+0.827i,2
1033,-0.885+1.1085i,1
1034,0.90156-1.0973i,2
1035,-0.50601-0.52906i,2
1036,0.57987-1.2953i,3
1037,0.096568+0.55395i,3
1038,0.91346-0.75391i,1
1039,-0.50465-1.305i,2
1040,-0.32895-0.036483i,2
1041,0.99377+0.85911i,1
1042,0.68455+0.41682i,1
1043,0.25404-0.1847i,2
1044,0.68809-0.83109i,3
1045,0.37709-1.0937i,1
1046,-0.18336-0.077147i,3
1047,-0.80312-0.022069i,3
1048,-1.1603+1.3672i,2
1049,1.0296-0.32561i,2
1050,0.66467-0.85284i,3
1051,-1.4149-0.60439i,2
1052,0.69733+0.90201i,3
1053,-0.73224-1.2284i,1
1054,0.26512-0.31304i,2
1055,0.76042+0.079169i,1
1056,-1.0662+0.87713i,1
1057,0.69361-0.95674i,1
1058,1.0007-0.23587i,1
1059,0.27913+0.41007i,2
1060,0.78497+1.2128i,3
1061,-0.94086-0.63186i,1
1062,1.0915+0.95291i,1
1063,0.43197+1.2338i,1
1064,1.3668+0.53761i,1
1065,0.7665+0.88331i,2
1066,-0.50663+1.1541i,3
1067,0.44852-1.2661i,3
1068,-0.41235-0.44203i,1
1069,-0.75634-0.25057i,2
1070,0.46774+1.2156i,3
1071,0.64532+0.4791i,2
1072,0.6484-0.92601i,2
1073,-0.25888-0.79888i,1
1074,1.628+0.83029i,3
1075,-1.7753+1.3718i,3
1076,0.9525+0.66622i,1
1077,1.4381+0.57448i,3
1078,-0.064595+0.53043i,1
1079,-0.66947-1.3646i,2
1080,-2.3859-0.36068i,2
1081,0.092733-1.4127i,2
1082,-0.35944+0.97673i,3
1083,-1.1091+0.47606i,1
1084,-1.2303-1.1548i,1
1085,0.62847-1.1458i,3
1086,0.92415+0.07365i,3
1087,0.0020233+1.0922i,1
1088,0.76813-0.34861i,2
1089,1.1216-0.85326i,1
1090,0.38935+0.014808i,2
1091,-0.9128-1.342i,2
1092,1.1568-0.77709i,3
1093,-0.97842+0.17782i,3
1094,-0.72134-0.38966i,1
1095,-0.70182-0.74433i,3
1096,0.99131+0.53126i,1
1097,-1.0008-0.095145i,2
1098,-0.03445+0.81462i,2
1099,-0.58913-0.65974i,3
1100,-0.5196+1.1206i,3
1101,-0.88535+0.9748i,3
1102,0.79051+0.47001i,2
1103,0.33651+0.53114i,2
1104,-0.53552-0.72788i,3
1105,-0.41097+0.79254i,3
1106,-1.3364+1.1936i,1
1107,0.88621+0.588i,2
1108,0.43569+0.3768i,3
1109,0.10704-0.24324i,3
1110,1.6245+0.57619i,2
1111,0.49841-0.60924i,2
1112,-0.39073-1.8706i,3
1113,0.65605+0.41513i,1
1114,0.031995+0.51795i,2
1115,0.83944-0.45153i,1
1116,1.0692-1.1827i,1
1117,0.56518-0.71605i,1
1118,0.61203+1.1405i,1
1119,-0.016864+0.7978i,1
1120,-0.32968-1.8762i,3
1121,0.3876+0.62343i,1
1122,1.9377+0.37812i,2
1123,0.99399-0.43884i,3
1124,1.2168+1.5686i,1
1125,1.0741-1.1509i,2
1126,-0.56114+0.84117i,2
1127,0.57945+0.068814i,2
1128,0.55071-0.89994i,1
1129,-1.4336-1.3235i,1
1130,-0.084659+0.61255i,2
1131,0.062972-0.80738i,2
1132,1.1111+1.0508i,3
1133,-0.65516+0.04135i,1
1134,-0.88992-1.4041i,3
1135,-0.30051-0.084692i,2
1136,-0.53319-1.1055i,3
1137,1.448-0.34788i,1
1138,-0.73012-0.62712i,3
1139,0.15517+0.3097i,3
1140,-0.74831+0.80642i,1
1141,-0.39659-0.2053i,3
1142,-0.85699+0.94767i,1
1143,-1.5355-0.20753i,3
1144,-0.69611-1.3127i,3
1145,-0.96665+0.43574i,3
1146,-0.7939-0.046491i,3
1147,-1.0723-0.67099i,1
1148,-1.0215+0.72225i,3
1149,1.1303-0.63568i,3
1150,0.45526-1.4474i,1
1151,-0.27012+0.1148i,2
1152,0.54619-1.2564i,1
1153,-1.2828+0.44665i,3
1154,-1.4532+0.77105i,1
1155,-0.48011-1.0251i,1
1156,-1.2099+1.3365i,1
1157,0.15935+0.59243i,2
1158,-0.29318-0.80267i,1
1159,-1.1525-1.2107i,2
1160,0.7133+0.13058i,3
1161,-0.49082+1.3623i,1
1162,1.0651-1.0298i,1
1163,0.82101+0.22892i,3
1164,-0.10453+0.54474i,2
1165,-0.51609+1.2198i,2
1166,-0.098826-0.16317i,2
1167,0.38832+0.26085i,1
1168,-0.51583-0.87632i,2
1169,-1.1677-0.53716i,3
1170,0.39036+0.27936i,3
1171,-0.6519+1.5489i,2
1172,-1.4024+1.0547i,2
1173,-0.68487-0.75589i,2
1174,-0.71878+0.80339i,1
1175,-0.61023-0.19523i,3
1176,1.0644+1.2214i,1
1177,1.0179-0.9138i,3
1178,0.20968+0.29389i,2
1179,-0.95851-0.9548i,2
1180,-1.1694-0.59175i,2
1181,0.55347+1.2076i,1
1182,1.3343-0.4982i,3
1183,0.12296+0.93639i,1
1184,-0.63191+0.46227i,1
1185,-0.94778-0.26578i,3
1186,-0.9585+0.0070422i,3
1187,-0.84874+0.58259i,2
1188,0.74583+0.26161i,3
1189,0.14653-0.11935i,3
1190,-0.51543+0.54255i,2
1191,0.065694-0.88795i,3
1192,0.33786+0.72142i,3
1193,-0.5154-0.53348i,1
1194,-0.85288+0.75465i,1
1195,-1.2481+0.41127i,2
1196,-1.4066-1.3314i,1
1197,1.5562-0.2103i,2
1198,-0.35348+0.94244i,1
1199,0.1891-0.40518i,2
1200,-0.4469+0.99574i,1
1201,1.7092-0.48625i,3
1202,-0.90909+1.3828i,2
1203,0.6156+0.94063i,3
1204,0.69118+0.0063721i,1
1205,1.292+0.89146i,2
1206,-0.74691+0.8544i,1
1207,-0.47788-1.3257i,1
1208,-0.36528-1.3845i,3
1209,-0.62118-0.5181i,3
1210,0.31024+0.15233i,2
1211,0.14677+0.017823i,3
1212,-0.1666+1.0538i,1
1213,0.43681+1.058i,1
1214,0.65141+1.2222i,1
1215,-0.93797-0.69369i,1
1216,-0.43057+0.82623i,3
1217,-0.18032+0.88742i,3
1218,0.1031-0.23103i,2
1219,1.3359+1.0621i,1
1220,-0.22477+0.12993i,2
1221,-0.95657+0.026801i,3
1222,-0.26309-0.16753i,3
1223,-0.93475-0.27617i,3
1224,-0.20885+0.31631i,3
1225,-0.45031-1.4416i,3
1226,-0.42754-0.71056i,2
1227,-0.66542+1.2189i,3
1228,1.2064+1.5484i,1
1229,-0.73784-0.67768i,1
1230,0.031473+0.61704i,3
1231,0.23654-0.015937i,3
1232,0.35329-0.15271i,3
1233,-0.08373-1.6909i,2
1234,-0.16869-0.98132i,2
1235,-0.93288+0.55262i,1
1236,-0.51611-0.56725i,3
1237,0.21213+1.1311i,2
1238,0.65529+1.032i,1
1239,-0.42249-0.956i,2
1240,1.0824-0.95146i,1
1241,-0.064374+0.047661i,3
1242,-1.0262+0.77238i,2
1243,-1.4847+0.62541i,1
1244,0.15817-0.5069i,2
1245,-0.80598+1.2821i,1
1246,-0.78099-0.5017i,3
1247,-0.93277+0.053726i,2
1248,-0.39402+0.16753i,2
1249,1.2913+0.84324i,2
1250,0.76746-0.30101i,3
1251,-0.83446+0.53983i,1
1252,0.75455+1.1379i,2
1253,-0.022078+0.081705i,3
1254,0.82193+0.54341i,1
1255,-1.1397+2.3454i,2
1256,-0.23834-0.57351i,3
1257,-0.91615-0.75619i,3
1258,0.0028383-1.1948i,1
1259,0.34088+0.2487i,1
1260,0.22956-0.14951i,2
1261,1.0479-0.98808i,1
1262,-1.4889-1.0519i,3
1263,0.42438-1.2231i,1
1264,1.3004+0.49557i,1
1265,0.24988+0.58941i,1
1266,-0.57496-0.092609i,2
1267,-1.2842-1.044i,2
1268,-0.19662+0.13447i,3
1269,-1.3714+0.66i,1
1270,-0.37382-1.6162i,2
1271,0.75497+0.7367i,2
1272,-0.82464+0.49489i,3
1273,-0.59055-0.41466i,2
1274,0.35808-0.61919i,2
1275,-1.6224-1.1284i,1
1276,0.83871+1.0739i,1
1277,-0.53489-0.5289i,1
1278,1.0207-0.29057i,1
1279,0.88104-0.77516i,1
1280,1.6937-0.025652i,1
1281,0.065291+0.11471i,3
1282,0.83787+0.64789i,3
1283,1.018+0.67015i,1
1284,-0.84199-1.8557i,2
1285,-0.43066+0.41483i,2
1286,0.075481+1.6045i,2
1287,0.41368+1.2621i,3
1288,-0.082243+0.40952i,2
1289,0.56915+0.14252i,1
1290,-1.2397-0.96891i,1
1291,-0.4272-1.0526i,3
1292,-1.156-1.2085i,2
1293,-0.78807+1.1581i,2
1294,-1.1125+0.055076i,2
1295,-0.707+1.2499i,3
1296,-0.56726+1.2859i,2
1297,1.2255-1.2218i,1
1298,0.38105-0.89064i,3
1299,-1.072+0.37231i,3
1300,1.3534-0.68441i,2
1301,0.79611+1.0454i,2
1302,-0.32894+0.82799i,2
1303,0.83026-0.56181i,1
1304,0.25557-0.81977i,3
1305,0.94114+1.2896i,1
1306,-0.4341-0.86199i,3
1307,1.5909+0.66095i,1
1308,0.90951-0.50468i,2
1309,0.23962-0.71005i,1
1310,-0.45246-0.38697i,3
1311,-0.80755-1.0675i,1
1312,0.62468+0.13804i,2
1313,0.76-1.1505i,1
1314,-0.35758+0.5109i,1
1315,-0.46674-0.16244i,1
1316,-1.1466+0.62298i,2
1317,0.14764+0.053175i,3
1318,-0.78989+1.3087i,1
1319,0.65004-0.2491i,3
1320,-0.67664-0.067703i,1
1321,1.1399-0.46934i,2
1322,0.16891-1.4841i,3
1323,0.92579+1.4104i,3
1324,-0.50338+0.17161i,3
1325,-0.013103-0.55288i,2
1326,0.83106+0.056274i,3
1327,-0.50434+0.37563i,1
1328,-0.52401-0.36642i,3
1329,-0.90162+1.052i,1
1330,-0.26462+1.0894i,1
1331,-1.2444+0.76447i,2
1332,-0.22337+0.27856i,2
1333,1.4528+0.90003i,3
1334,0.057761-0.35456i,2
1335,-0.30933+0.98927i,1
1336,-1.0793+0.11755i,1
1337,-0.040829-0.84402i,3
1338,-0.7803-0.54884i,1
1339,0.43647+1.3875i,1
1340,-0.23845+0.91632i,2
1341,-0.98839+0.33502i,2
1342,0.91766+1.4906i,3
1343,0.18099-0.49003i,3
1344,0.94175-0.65667i,3
1345,-0.82835+0.77383i,1
1346,-0.50523+0.1119i,1
1347,0.75894+0.18199i,1
1348,0.53226-0.32439i,1
1349,0.48605-0.23801i,1
1350,0.23233-0.38709i,3
1351,-0.80814-0.075066i,1
1352,-0.73835-0.62859i,1
1353,1.1973+0.54778i,1
1354,-0.83062+1.1486i,3
1355,-0.90291-1.414i,2
1356,0.45257+1.121i,2
1357,-0.41902-1.2441i,3
1358,0.85333+0.59082i,3
1359,1.2515+0.32661i,3
1360,-0.71431-0.31102i,2
1361,-0.090936-0.82136i,3
1362,-0.77509+0.96098i,1
1363,-0.44417-0.54992i,3
1364,-0.55957-1.1096i,3
1365,-0.52793+0.41409i,2
1366,0.95824-0.1478i,1
1367,-0.29606-0.59176i,1
1368,0.037172+0.38845i,2
1369,0.61849-1.1272i,2
1370,-1.0823-0.50199i,3
1371,-0.36987+0.030449i,2
1372,1.109-0.79894i,2
1373,1.0278+0.51846i,1
1374,-0.75177-0.85982i,2
1375,-0.32642-0.45693i,2
1376,0.91369+0.7503i,3
1377,-0.94193-0.015767i,3
1378,1.8035-1.5213i,2
1379,-0.44826-0.80119i,3
1380,0.72371+0.43093i,1
1381,1.1479-0.72886i,1
1382,0.57301-0.87825i,1
1383,-1.676+1.157i,2
1384,1.204+0.49541i,1
1385,-0.57098-0.65929i,1
1386,0.93927-0.56764i,3
1387,-0.78086-1.3513i,2
1388,-1.2337+0.3664i,3
1389,-0.35921+0.47122i,3
1390,-0.11602-0.23613i,2
1391,-0.080993+1.4535i,1
1392,0.63647+0.41191i,3
1393,-0.75457+1.2821i,3
1394,-0.4892-0.83775i,1
1395,-0.1375-0.55892i,3
1396,0.86479+0.87449i,3
1397,0.80904+1.1952i,1
1398,0.7082+1.0181i,1
1399,0.89145+0.70246i,3
1400,-0.38576+1.5857i,2
1401,-0.98646-1.0604i,2
1402,1.1361-1.0538i,1
1403,-0.8439+0.81501i,2
1404,-1.4188+0.1955i,2
1405,-0.57444+0.80007i,2
1406,-0.80028+0.89327i,1
1407,-0.51667+1.0501i,3
1408,-0.93275-0.81284i,3
1409,-0.61395-0.73661i,3
1410,-0.89127-0.22047i,1
1411,0.70353-0.033778i,3
1412,-1.3309-0.96147i,1
1413,1.3574+0.22779i,2
1414,-1.211+0.19425i,2
1415,-0.1152+0.89985i,1
1416,-0.77284+0.48684i,1
1417,1.483-1.1443i,2
1418,-1.0887-0.71546i,3
1419,0.47014+0.90002i,2
1420,0.026794-0.1301i,3
1421,0.47571+1.043i,3
1422,1.5371-0.69051i,3
1423,1.2589-0.7804i,2
1424,0.93893+0.38998i,2
1425,0.80486-1.0267i,1
1426,0.28422-0.82193i,1
1427,-0.036201+0.13749i,2
1428,-1.499+0.52098i,2
1429,-0.41724+0.18016i,3
1430,0.35771-0.17127i,1
1431,-0.71641-0.47583i,2
1432,1.0102-1.0755i,1
1433,-0.70243-1.6172i,1
1434,-0.93944+0.91785i,1
1435,-1.0176-0.094386i,3
1436,0.36047-0.0092074i,3
1437,0.79834+0.60457i,1
1438,-0.63774+1.1211i,3
1439,-0.52788-0.75289i,1
1440,-0.60658-0.82114i,1
1441,-1.026-0.71891i,3
1442,0.87004-0.91867i,2
1443,-0.85011-1.1074i,2
1444,-0.45144-0.0068435i,1
1445,-0.055748+0.062723i,2
1446,-1.0705-0.54324i,1
1447,0.5334-0.33335i,2
1448,-0.38453-1.0383i,1
1449,1.4231+0.81859i,2
1450,0.15076-0.683i,1
1451,0.38774+0.40736i,3
1452,-1.3983+0.89385i,3
1453,1.159+0.075973i,2
1454,0.032818-0.80494i,2
1455,-0.084277+0.63937i,1
1456,0.80145+0.85296i,3
1457,0.11506+1.5465i,3
1458,-1.394+0.12563i,3
1459,-0.56912-0.19i,3
1460,-0.76401-0.28479i,2
1461,-1.5467-0.65029i,1
1462,-0.55706+0.69204i,3
1463,1.1339+0.008784i,1
1464,0.29229-0.60202i,1
1465,0.28612-0.46687i,2
1466,-0.36656-0.8997i,1
1467,-0.96629-0.82579i,1
1468,-0.6352+0.031979i,1
1469,1.2375+0.25097i,3
1470,0.49041+0.93365i,1
1471,-0.50634-0.16345i,3
1472,-0.60266+0.35363i,2
1473,-0.28537+0.34632i,1
1474,0.7621+0.70289i,1
1475,0.6043+0.42523i,2
1476,0.19311-0.33051i,3
1477,0.60396-0.28391i,1
1478,-0.84317-0.69599i,2
1479,0.60939+1.115i,2
1480,0.32291-1.79i,2
1481,-0.59098-0.39724i,1
1482,0.67981+1.2346i,3
1483,-0.70002+0.73668i,1
1484,0.14458+0.64101i,2
1485,-0.73367+0.43439i,1
1486,-0.16385-1.4733i,3
1487,0.89223-1.0811i,3
1488,0.25816+1.5804i,3
1489,-0.68753+0.86431i,1
1490,1.1834-0.4039i,2
1491,0.97009-1.0903i,2
1492,0.69516+0.033596i,2
1493,-0.77+0.01391i,3
1494,0.33948-0.2638i,3
1495,1.6107+0.47528i,2
1496,-0.852+1.1781i,2
1497,0.75789+1.2467i,1
1498,-1.2226+0.3742i,2
1499,-1.1975-0.30664i,3
1500,0.2682+0.88506i,1
