Id,Predicted Label
1,3
2,3
3,3
4,1
5,3
6,2
7,3
8,2
9,2
10,2
11,1
12,1
13,2
14,2
15,3
16,1
17,3
18,2
19,1
20,2
21,3
22,1
23,3
24,2
25,2
26,1
27,2
28,2
29,2
30,1
31,1
32,2
33,1
34,1
35,2
36,1
37,2
38,2
39,2
40,2
41,2
42,3
43,1
44,2
45,1
46,2
47,1
48,3
49,1
50,1
51,3
52,3
53,2
54,1
55,3
56,2
57,3
58,1
59,2
60,2
61,2
62,3
63,3
64,1
65,2
66,2
67,3
68,3
69,1
70,2
71,1
72,1
73,2
74,2
75,1
76,1
77,3
78,3
79,2
80,3
81,2
82,2
83,3
84,1
85,1
86,2
87,2
88,3
89,1
90,2
91,1
92,1
93,3
94,1
95,3
96,2
97,3
98,1
99,2
100,2
101,3
102,3
103,1
104,3
105,1
106,1
107,2
108,1
109,1
110,3
111,2
112,2
113,2
114,3
115,3
116,1
117,2
118,1
119,2
120,2
121,3
122,2
123,2
124,2
125,3
126,3
127,2
128,1
129,1
130,2
131,3
132,2
133,2
134,3
135,1
136,1
137,1
138,2
139,3
140,3
141,2
142,3
143,1
144,1
145,3
146,1
147,3
148,3
149,1
150,1
151,1
152,3
153,3
154,2
155,1
156,2
157,1
158,2
159,3
160,2
161,2
162,3
163,2
164,2
165,2
166,2
167,2
168,3
169,2
170,3
171,3
172,3
173,2
174,1
175,1
176,2
177,2
178,1
179,2
180,1
181,2
182,1
183,3
184,2
185,2
186,3
187,1
188,2
189,3
190,2
191,3
192,1
193,3
194,1
195,2
196,2
197,1
198,1
199,3
200,3
201,3
202,2
203,3
204,1
205,1
206,2
207,1
208,3
209,1
210,1
211,3
212,2
213,1
214,2
215,2
216,1
217,1
218,2
219,2
220,2
221,1
222,3
223,1
224,1
225,3
226,1
227,1
228,3
229,2
230,2
231,2
232,2
233,2
234,1
235,2
236,2
237,1
238,1
239,3
240,2
241,1
242,2
243,3
244,1
245,1
246,2
247,1
248,2
249,1
250,2
251,2
252,3
253,1
254,3
255,3
256,2
257,3
258,2
259,3
260,1
261,2
262,2
263,2
264,2
265,1
266,1
267,2
268,2
269,3
270,1
271,1
272,1
273,1
274,1
275,2
276,2
277,2
278,1
279,3
280,3
281,2
282,1
283,1
284,3
285,3
286,1
287,3
288,3
289,3
290,2
291,1
292,2
293,2
294,1
295,1
296,1
297,3
298,1
299,2
300,1
301,3
302,2
303,3
304,2
305,2
306,3
307,3
308,3
309,2
310,2
311,2
312,2
313,2
314,3
315,3
316,2
317,1
318,2
319,2
320,2
321,2
322,2
323,1
324,1
325,1
326,1
327,3
328,1
329,2
330,1
331,2
332,3
333,3
334,2
335,2
336,3
337,2
338,1
339,2
340,1
341,2
342,1
343,2
344,1
345,2
346,2
347,2
348,1
349,2
350,3
351,1
352,2
353,3
354,1
355,1
356,2
357,1
358,1
359,1
360,2
361,1
362,2
363,2
364,1
365,3
366,3
367,2
368,1
369,1
370,2
371,3
372,1
373,2
374,1
375,1
376,2
377,1
378,1
379,3
380,3
381,3
382,1
383,2
384,2
385,3
386,2
387,2
388,1
389,1
390,1
391,3
392,3
393,2
394,1
395,3
396,1
397,3
398,1
399,2
400,3
401,1
402,2
403,3
404,2
405,2
406,1
407,3
408,2
409,2
410,2
411,1
412,1
413,3
414,3
415,1
416,3
417,2
418,3
419,1
420,1
421,1
422,2
423,3
424,1
425,3
426,3
427,2
428,1
429,2
430,2
431,2
432,3
433,2
434,1
435,2
436,1
437,3
438,3
439,2
440,2
441,1
442,3
443,2
444,3
445,2
446,3
447,2
448,3
449,1
450,2
451,3
452,3
453,2
454,3
455,1
456,2
457,2
458,2
459,2
460,2
461,1
462,1
463,1
464,2
465,2
466,1
467,3
468,2
469,1
470,1
471,2
472,1
473,1
474,2
475,1
476,2
477,1
478,2
479,2
480,2
481,3
482,3
483,2
484,1
485,3
486,2
487,3
488,2
489,1
490,1
491,2
492,2
493,2
494,2
495,1
496,1
497,2
498,3
499,3
500,3
501,1
502,3
503,1
504,2
505,2
506,1
507,1
508,1
509,3
510,3
511,2
512,2
513,2
514,3
515,2
516,3
517,1
518,2
519,2
520,2
521,2
522,1
523,2
524,2
525,3
526,3
527,1
528,2
529,3
530,1
531,2
532,1
533,2
534,2
535,3
536,3
537,3
538,3
539,2
540,1
541,1
542,3
543,1
544,3
545,3
546,2
547,3
548,3
549,3
550,2
551,2
552,1
553,2
554,1
555,1
556,1
557,1
558,1
559,1
560,1
561,2
562,1
563,2
564,2
565,2
566,1
567,2
568,1
569,2
570,1
571,3
572,3
573,2
574,1
575,3
576,3
577,2
578,1
579,2
580,2
581,2
582,2
583,2
584,2
585,2
586,3
587,3
588,1
589,1
590,1
591,2
592,2
593,2
594,1
595,3
596,1
597,1
598,3
599,1
600,2
601,1
602,1
603,3
604,1
605,1
606,1
607,1
608,1
609,2
610,1
611,1
612,1
613,3
614,3
615,3
616,2
617,2
618,2
619,3
620,2
621,1
622,1
623,2
624,2
625,2
626,1
627,1
628,3
629,3
630,3
631,2
632,1
633,1
634,2
635,2
636,3
637,2
638,2
639,3
640,2
641,2
642,2
643,1
644,2
645,2
646,2
647,1
648,1
649,2
650,2
651,2
652,3
653,1
654,1
655,1
656,2
657,1
658,2
659,1
660,1
661,1
662,1
663,1
664,3
665,1
666,1
667,3
668,2
669,2
670,1
671,2
672,1
673,2
674,1
675,3
676,3
677,3
678,2
679,3
680,2
681,1
682,1
683,1
684,2
685,3
686,2
687,1
688,2
689,1
690,3
691,3
692,2
693,1
694,2
695,3
696,2
697,1
698,1
699,2
700,3
701,1
702,2
703,3
704,2
705,2
706,2
707,1
708,2
709,2
710,2
711,3
712,1
713,2
714,2
715,2
716,1
717,3
718,3
719,1
720,1
721,1
722,3
723,1
724,2
725,3
726,3
727,1
728,1
729,3
730,1
731,2
732,1
733,2
734,1
735,1
736,2
737,2
738,2
739,2
740,2
741,3
742,1
743,1
744,3
745,2
746,1
747,2
748,3
749,2
750,3
751,3
752,2
753,1
754,2
755,3
756,1
757,2
758,2
759,2
760,3
761,1
762,3
763,2
764,2
765,2
766,2
767,1
768,2
769,2
770,1
771,3
772,3
773,1
774,2
775,1
776,3
777,1
778,3
779,2
780,2
781,3
782,3
783,3
784,2
785,3
786,3
787,1
788,1
789,1
790,2
791,3
792,3
793,2
794,2
795,1
796,2
797,3
798,1
799,2
800,2
801,2
802,3
803,1
804,1
805,3
806,1
807,1
808,2
809,2
810,1
811,2
812,2
813,2
814,3
815,3
816,1
817,1
818,2
819,1
820,2
821,1
822,2
823,3
824,2
825,1
826,3
827,1
828,1
829,3
830,3
831,2
832,1
833,1
834,1
835,3
836,2
837,2
838,1
839,3
840,1
841,3
842,3
843,2
844,2
845,3
846,1
847,2
848,2
849,1
850,2
851,1
852,1
853,3
854,3
855,2
856,2
857,1
858,1
859,3
860,2
861,3
862,2
863,2
864,3
865,2
866,2
867,1
868,1
869,2
870,2
871,3
872,3
873,3
874,2
875,1
876,2
877,2
878,1
879,1
880,3
881,1
882,1
883,3
884,2
885,2
886,1
887,3
888,1
889,2
890,2
891,3
892,2
893,2
894,2
895,1
896,2
897,1
898,2
899,1
900,1
901,3
902,1
903,1
904,2
905,1
906,3
907,3
908,3
909,1
910,2
911,2
912,2
913,2
914,3
915,1
916,1
917,1
918,1
919,2
920,3
921,3
922,1
923,1
924,1
925,3
926,3
927,3
928,2
929,2
930,3
931,2
932,1
933,2
934,1
935,2
936,3
937,2
938,3
939,2
940,2
941,2
942,3
943,1
944,1
945,1
946,1
947,3
948,3
949,1
950,2
951,1
952,2
953,2
954,3
955,2
956,1
957,1
958,1
959,2
960,2
961,3
962,2
963,3
964,2
965,3
966,2
967,1
968,2
969,1
970,1
971,3
972,3
973,2
974,3
975,3
976,2
977,2
978,1
979,2
980,3
981,3
982,1
983,1
984,1
985,1
986,3
987,1
988,2
989,3
990,3
991,3
992,2
993,2
994,3
995,1
996,1
997,1
998,2
999,3
1000,2
1001,1
1002,2
1003,1
1004,1
1005,3
1006,3
1007,2
1008,2
1009,3
1010,1
1011,1
1012,3
1013,1
1014,2
1015,1
1016,3
1017,3
1018,3
1019,3
1020,2
1021,2
1022,1
1023,3
1024,1
1025,3
1026,2
1027,3
1028,1
1029,1
1030,1
1031,2
1032,1
1033,2
1034,2
1035,1
1036,2
1037,1
1038,2
1039,1
1040,2
1041,3
1042,1
1043,2
1044,3
1045,2
1046,3
1047,3
1048,1
1049,3
1050,2
1051,2
1052,2
1053,2
1054,3
1055,1
1056,1
1057,1
1058,2
1059,1
1060,1
1061,3
1062,3
1063,2
1064,2
1065,2
1066,3
1067,3
1068,3
1069,1
1070,1
1071,3
1072,1
1073,3
1074,2
1075,2
1076,2
1077,1
1078,2
1079,2
1080,2
1081,3
1082,1
1083,2
1084,1
1085,1
1086,1
1087,3
1088,1
1089,2
1090,2
1091,2
1092,3
1093,1
1094,1
1095,3
1096,3
1097,3
1098,2
1099,1
1100,2
1101,3
1102,3
1103,2
1104,1
1105,2
1106,2
1107,2
1108,1
1109,1
1110,1
1111,1
1112,1
1113,3
1114,3
1115,2
1116,3
1117,2
1118,1
1119,1
1120,2
1121,1
1122,3
1123,3
1124,2
1125,1
1126,1
1127,1
1128,2
1129,3
1130,1
1131,1
1132,2
1133,2
1134,2
1135,2
1136,1
1137,2
1138,3
1139,3
1140,2
1141,2
1142,3
1143,1
1144,2
1145,3
1146,1
1147,2
1148,2
1149,2
1150,1
1151,3
1152,1
1153,2
1154,2
1155,1
1156,2
1157,2
1158,2
1159,2
1160,2
1161,1
1162,1
1163,1
1164,1
1165,1
1166,2
1167,1
1168,3
1169,2
1170,2
1171,3
1172,3
1173,1
1174,2
1175,3
1176,1
1177,3
1178,2
1179,2
1180,3
1181,1
1182,2
1183,3
1184,2
1185,3
1186,2
1187,1
1188,2
1189,2
1190,1
1191,2
1192,2
1193,1
1194,1
1195,3
1196,2
1197,3
1198,2
1199,2
1200,1
1201,2
1202,3
1203,2
1204,2
1205,1
1206,1
1207,2
1208,1
1209,2
1210,2
1211,1
1212,2
1213,2
1214,1
1215,3
1216,3
1217,3
1218,1
1219,2
1220,2
1221,3
1222,2
1223,3
1224,2
1225,2
1226,1
1227,1
1228,1
1229,3
1230,1
1231,1
1232,3
1233,2
1234,1
1235,3
1236,1
1237,3
1238,2
1239,1
1240,3
1241,2
1242,2
1243,1
1244,2
1245,1
1246,1
1247,2
1248,3
1249,2
1250,3
1251,1
1252,1
1253,3
1254,2
1255,3
1256,2
1257,3
1258,1
1259,2
1260,3
1261,2
1262,1
1263,3
1264,2
1265,1
1266,2
1267,1
1268,1
1269,2
1270,3
1271,1
1272,1
1273,1
1274,2
1275,2
1276,1
1277,2
1278,3
1279,2
1280,1
1281,1
1282,1
1283,1
1284,3
1285,2
1286,3
1287,3
1288,3
1289,1
1290,3
1291,1
1292,3
1293,3
1294,2
1295,2
1296,1
1297,2
1298,1
1299,1
1300,1
1301,3
1302,1
1303,1
1304,2
1305,3
1306,3
1307,1
1308,1
1309,3
1310,3
1311,1
1312,2
1313,1
1314,3
1315,3
1316,2
1317,2
1318,2
1319,2
1320,1
1321,3
1322,2
1323,1
1324,3
1325,3
1326,3
1327,1
1328,2
1329,1
1330,2
1331,2
1332,3
1333,2
1334,1
1335,2
1336,3
1337,1
1338,2
1339,3
1340,3
1341,2
1342,1
1343,1
1344,2
1345,2
1346,1
1347,3
1348,3
1349,3
1350,2
1351,3
1352,2
1353,2
1354,2
1355,3
1356,3
1357,1
1358,2
1359,1
1360,1
1361,3
1362,1
1363,1
1364,2
1365,2
1366,1
1367,1
1368,2
1369,1
1370,1
1371,2
1372,1
1373,3
1374,3
1375,1
1376,2
1377,2
1378,3
1379,3
1380,1
1381,2
1382,1
1383,2
1384,2
1385,1
1386,1
1387,3
1388,3
1389,1
1390,3
1391,2
1392,2
1393,1
1394,1
1395,2
1396,3
1397,3
1398,3
1399,1
1400,1
1401,2
1402,3
1403,2
1404,1
1405,2
1406,3
1407,1
1408,2
1409,3
1410,2
1411,2
1412,2
1413,2
1414,3
1415,3
1416,2
1417,3
1418,3
1419,2
1420,3
1421,1
1422,3
1423,3
1424,1
1425,3
1426,3
1427,3
1428,1
1429,2
1430,2
1431,2
1432,3
1433,1
1434,1
1435,1
1436,1
1437,1
1438,3
1439,2
1440,1
1441,2
1442,1
1443,3
1444,2
1445,1
1446,1
1447,3
1448,2
1449,1
1450,1
1451,1
1452,2
1453,2
1454,3
1455,2
1456,2
1457,2
1458,1
1459,2
1460,3
1461,1
1462,1
1463,2
1464,1
1465,2
1466,2
1467,2
1468,2
1469,3
1470,1
1471,2
1472,2
1473,1
1474,3
1475,3
1476,3
1477,2
1478,2
1479,2
1480,1
1481,3
1482,3
1483,2
1484,1
1485,2
1486,1
1487,2
1488,3
1489,1
1490,2
1491,3
1492,2
1493,2
1494,3
1495,1
1496,1
1497,2
1498,3
1499,2
1500,1
1501,2
1502,2
1503,2
1504,2
1505,2
1506,3
1507,1
1508,2
1509,3
1510,1
1511,3
1512,2
1513,1
1514,2
1515,3
1516,1
1517,2
1518,1
1519,2
1520,2
1521,2
1522,1
1523,1
1524,2
1525,3
1526,3
1527,3
1528,1
1529,1
1530,1
1531,2
1532,1
1533,3
1534,1
1535,1
1536,3
1537,2
1538,2
1539,1
1540,3
1541,3
1542,3
1543,2
1544,2
1545,1
1546,1
1547,2
1548,2
1549,2
1550,2
1551,1
1552,3
1553,1
1554,1
1555,3
1556,2
1557,1
1558,3
1559,2
1560,1
1561,1
1562,2
1563,3
1564,3
1565,1
1566,1
1567,1
1568,2
1569,2
1570,2
1571,2
1572,2
1573,1
1574,2
1575,1
1576,1
1577,2
1578,3
1579,2
1580,1
1581,3
1582,1
1583,1
1584,1
1585,3
1586,1
1587,3
1588,1
1589,1
1590,2
1591,3
1592,3
1593,1
1594,3
1595,3
1596,3
1597,2
1598,2
1599,1
1600,3
1601,1
1602,1
1603,2
1604,1
1605,3
1606,2
1607,3
1608,1
1609,2
1610,3
1611,2
1612,1
1613,3
1614,2
1615,3
1616,1
1617,1
1618,1
1619,1
1620,1
1621,3
1622,3
1623,1
1624,2
1625,1
1626,1
1627,1
1628,2
1629,2
1630,1
1631,3
1632,2
1633,2
1634,2
1635,2
1636,1
1637,1
1638,3
1639,1
1640,2
1641,2
1642,1
1643,1
1644,2
1645,2
1646,1
1647,2
1648,3
1649,1
1650,2
1651,2
1652,1
1653,1
1654,2
1655,3
1656,3
1657,3
1658,3
1659,3
1660,2
1661,1
1662,2
1663,1
1664,1
1665,2
1666,3
1667,1
1668,1
1669,1
1670,1
1671,1
1672,1
1673,2
1674,2
1675,2
1676,2
1677,1
1678,3
1679,2
1680,1
1681,3
1682,3
1683,1
1684,3
1685,2
1686,2
1687,3
1688,1
1689,1
1690,1
1691,1
1692,2
1693,3
1694,2
1695,2
1696,2
1697,2
1698,1
1699,1
1700,1
1701,1
1702,1
1703,2
1704,1
1705,1
1706,2
1707,2
1708,3
1709,1
1710,3
1711,1
1712,2
1713,2
1714,1
1715,2
1716,1
1717,1
1718,3
1719,1
1720,1
1721,1
1722,1
1723,2
1724,2
1725,1
1726,2
1727,2
1728,2
1729,1
1730,3
1731,1
1732,2
1733,1
1734,3
1735,2
1736,2
1737,2
1738,3
1739,2
1740,1
1741,3
1742,3
1743,2
1744,2
1745,3
1746,3
1747,2
1748,1
1749,1
1750,1
1751,3
1752,1
1753,2
1754,2
1755,3
1756,3
1757,1
1758,2
1759,1
1760,2
1761,2
1762,3
1763,2
1764,1
1765,2
1766,2
1767,3
1768,2
1769,1
1770,1
1771,1
1772,2
1773,3
1774,3
1775,1
1776,1
1777,3
1778,3
1779,1
1780,1
1781,1
1782,2
1783,1
1784,2
1785,3
1786,2
1787,2
1788,1
1789,2
1790,1
1791,1
1792,3
1793,1
1794,1
1795,2
1796,1
1797,3
1798,1
1799,1
1800,1
1801,1
1802,3
1803,2
1804,1
1805,3
1806,2
1807,3
1808,1
1809,3
1810,2
1811,3
1812,1
1813,1
1814,1
1815,2
1816,1
1817,2
1818,1
1819,2
1820,3
1821,2
1822,2
1823,2
1824,2
1825,1
1826,3
1827,1
1828,3
1829,1
1830,2
1831,3
1832,1
1833,1
1834,1
1835,2
1836,2
1837,1
1838,3
1839,1
1840,2
1841,1
1842,2
1843,1
1844,1
1845,3
1846,1
1847,3
1848,2
1849,3
1850,3
1851,2
1852,1
1853,2
1854,3
1855,3
1856,3
1857,3
1858,2
1859,1
1860,2
1861,3
1862,2
1863,2
1864,3
1865,1
1866,2
1867,2
1868,1
1869,2
1870,1
1871,1
1872,1
1873,2
1874,1
1875,3
1876,3
1877,3
1878,1
1879,2
1880,1
1881,1
1882,1
1883,1
1884,2
1885,1
1886,1
1887,3
1888,3
1889,2
1890,2
1891,3
1892,3
1893,1
1894,1
1895,2
1896,2
1897,3
1898,1
1899,1
1900,2
1901,3
1902,3
1903,2
1904,2
1905,3
1906,1
1907,3
1908,1
1909,3
1910,1
1911,1
1912,1
1913,2
1914,1
1915,2
1916,2
1917,1
1918,1
1919,2
1920,2
1921,1
1922,2
1923,1
1924,2
1925,2
1926,1
1927,1
1928,3
1929,1
1930,2
1931,2
1932,2
1933,1
1934,2
1935,2
1936,3
1937,2
1938,1
1939,2
1940,3
1941,1
1942,1
1943,2
1944,2
1945,3
1946,3
1947,2
1948,1
1949,3
1950,2
1951,1
1952,2
1953,3
1954,2
1955,3
1956,1
1957,2
1958,2
1959,2
1960,2
1961,3
1962,1
1963,3
1964,1
1965,3
1966,2
1967,3
1968,2
1969,2
1970,1
1971,2
1972,3
1973,2
1974,3
1975,1
1976,2
1977,3
1978,1
1979,2
1980,3
1981,3
1982,1
1983,2
1984,3
1985,2
1986,2
1987,1
1988,3
1989,3
1990,1
1991,3
1992,3
1993,3
1994,3
1995,3
1996,3
1997,3
1998,1
1999,2
2000,1
2001,2
2002,2
2003,3
2004,1
2005,2
2006,1
2007,3
2008,2
2009,2
2010,1
2011,3
2012,2
2013,1
2014,3
2015,2
2016,3
2017,2
2018,1
2019,2
2020,3
2021,3
2022,3
2023,2
2024,1
2025,2
2026,2
2027,1
2028,2
2029,2
2030,3
2031,1
2032,1
2033,3
2034,3
2035,2
2036,1
2037,2
2038,1
2039,1
2040,2
2041,2
2042,3
2043,3
2044,2
2045,3
2046,3
2047,1
2048,1
2049,1
2050,1
2051,1
2052,1
2053,2
2054,2
2055,1
2056,2
2057,1
2058,2
2059,1
2060,1
2061,3
2062,2
2063,1
2064,2
2065,2
2066,1
2067,1
2068,1
2069,2
2070,1
2071,1
2072,2
2073,1
2074,3
2075,2
2076,2
2077,2
2078,1
2079,2
2080,2
2081,2
2082,1
2083,3
2084,1
2085,2
2086,1
2087,3
2088,2
2089,1
2090,2
2091,3
2092,3
2093,2
2094,2
2095,2
2096,1
2097,2
2098,1
2099,1
2100,3
2101,1
2102,3
2103,3
2104,3
2105,3
2106,3
2107,1
2108,3
2109,2
2110,1
2111,2
2112,2
2113,3
2114,3
2115,1
2116,2
2117,2
2118,3
2119,1
2120,3
2121,2
2122,1
2123,1
2124,2
2125,1
2126,1
2127,2
2128,1
2129,1
2130,1
2131,2
2132,3
2133,2
2134,1
2135,1
2136,3
2137,1
2138,1
2139,3
2140,2
2141,1
2142,2
2143,3
2144,2
2145,1
2146,3
2147,2
2148,2
2149,2
2150,3
2151,2
2152,1
2153,3
2154,1
2155,2
2156,1
2157,1
2158,3
2159,3
2160,1
2161,1
2162,2
2163,1
2164,2
2165,3
2166,2
2167,1
2168,1
2169,3
2170,2
2171,2
2172,2
2173,3
2174,1
2175,2
2176,1
2177,1
2178,1
2179,2
2180,3
2181,3
2182,2
2183,1
2184,3
2185,1
2186,2
2187,3
2188,1
2189,2
2190,2
2191,1
2192,1
2193,2
2194,3
2195,2
2196,2
2197,1
2198,1
2199,2
2200,2
2201,1
2202,3
2203,3
2204,2
2205,1
2206,1
2207,1
2208,1
2209,3
2210,1
2211,2
2212,3
2213,3
2214,3
2215,1
2216,1
2217,3
2218,1
2219,1
2220,1
2221,1
2222,1
2223,2
2224,2
2225,1
2226,3
2227,3
2228,2
2229,2
2230,1
2231,2
2232,1
2233,3
2234,2
2235,2
2236,1
2237,2
2238,2
2239,1
2240,1
2241,3
2242,3
2243,2
2244,2
2245,1
2246,2
2247,3
2248,3
2249,1
2250,2
2251,1
2252,3
2253,2
2254,1
2255,1
2256,3
2257,1
2258,2
2259,3
2260,3
2261,3
2262,3
2263,1
2264,2
2265,2
2266,1
2267,1
2268,3
2269,1
2270,1
2271,1
2272,2
2273,2
2274,1
2275,3
2276,2
2277,3
2278,3
2279,2
2280,1
2281,1
2282,3
2283,2
2284,2
2285,1
2286,3
2287,3
2288,3
2289,3
2290,1
2291,1
2292,1
2293,2
2294,1
2295,3
2296,3
2297,3
2298,3
2299,3
2300,3
2301,2
2302,1
2303,1
2304,2
2305,1
2306,2
2307,1
2308,2
2309,3
2310,2
2311,2
2312,3
2313,3
2314,1
2315,1
2316,2
2317,3
2318,2
2319,1
2320,2
2321,1
2322,1
2323,1
2324,3
2325,2
2326,3
2327,1
2328,1
2329,2
2330,1
2331,1
2332,3
2333,1
2334,2
2335,1
2336,3
2337,3
2338,2
2339,2
2340,1
2341,2
2342,2
2343,2
2344,3
2345,2
2346,2
2347,3
2348,3
2349,1
2350,2
2351,3
2352,2
2353,1
2354,1
2355,1
2356,2
2357,1
2358,2
2359,2
2360,3
2361,3
2362,1
2363,2
2364,1
2365,1
2366,3
2367,2
2368,2
2369,1
2370,2
2371,1
2372,1
2373,1
2374,1
2375,3
2376,1
2377,2
2378,3
2379,2
2380,1
2381,2
2382,3
2383,1
2384,2
2385,1
2386,2
2387,1
2388,3
2389,3
2390,2
2391,3
2392,3
2393,1
2394,2
2395,3
2396,2
2397,1
2398,3
2399,1
2400,3
2401,3
2402,1
2403,1
2404,2
2405,1
2406,1
2407,1
2408,1
2409,2
2410,2
2411,3
2412,2
2413,1
2414,1
2415,3
2416,2
2417,3
2418,2
2419,3
2420,2
2421,1
2422,1
2423,1
2424,3
2425,1
2426,1
2427,1
2428,2
2429,3
2430,3
2431,2
2432,2
2433,2
2434,1
2435,3
2436,2
2437,1
2438,1
2439,2
2440,1
2441,2
2442,2
2443,2
2444,1
2445,3
2446,3
2447,1
2448,1
2449,1
2450,2
2451,1
2452,1
2453,3
2454,1
2455,1
2456,2
2457,1
2458,1
2459,2
2460,2
2461,1
2462,2
2463,2
2464,1
2465,1
2466,1
2467,3
2468,1
2469,1
2470,1
2471,2
2472,2
2473,1
2474,2
2475,1
2476,1
2477,1
2478,2
2479,2
2480,3
2481,1
2482,2
2483,1
2484,2
2485,2
2486,2
2487,1
2488,3
2489,3
2490,1
2491,1
2492,1
2493,1
2494,2
2495,1
2496,1
2497,1
2498,3
2499,1
2500,2
2501,2
2502,3
2503,2
2504,3
2505,1
2506,2
2507,1
2508,1
2509,2
2510,2
2511,1
2512,2
2513,2
2514,2
2515,2
2516,2
2517,1
2518,2
2519,2
2520,1
2521,1
2522,2
2523,1
2524,2
2525,3
2526,1
2527,3
2528,2
2529,1
2530,2
2531,2
2532,1
2533,2
2534,1
2535,2
2536,3
2537,2
2538,3
2539,1
2540,2
2541,1
2542,1
2543,3
2544,1
2545,1
2546,1
2547,1
2548,1
2549,3
2550,1
2551,2
2552,3
2553,3
2554,1
2555,2
2556,1
2557,2
2558,1
2559,2
2560,2
2561,2
2562,1
2563,3
2564,1
2565,1
2566,2
2567,3
2568,3
2569,3
2570,2
2571,3
2572,2
2573,2
2574,3
2575,2
2576,2
2577,3
2578,2
2579,3
2580,2
2581,1
2582,1
2583,3
2584,1
2585,1
2586,1
2587,3
2588,1
2589,1
2590,3
2591,1
2592,3
2593,2
2594,3
2595,1
2596,3
2597,1
2598,1
2599,2
2600,3
2601,1
2602,1
2603,1
2604,1
2605,3
2606,3
2607,2
2608,2
2609,1
2610,2
2611,3
2612,3
2613,1
2614,2
2615,3
2616,3
2617,1
2618,2
2619,1
2620,3
2621,2
2622,1
2623,3
2624,1
2625,1
2626,1
2627,3
2628,2
2629,1
2630,1
2631,2
2632,2
2633,1
2634,1
2635,3
2636,2
2637,2
2638,3
2639,2
2640,1
2641,3
2642,3
2643,1
2644,3
2645,2
2646,1
2647,1
2648,3
2649,2
2650,1
2651,2
2652,3
2653,3
2654,2
2655,2
2656,2
2657,2
2658,1
2659,3
2660,1
2661,2
2662,1
2663,2
2664,1
2665,1
2666,1
2667,3
2668,1
2669,2
2670,3
2671,3
2672,1
2673,2
2674,1
2675,3
2676,2
2677,1
2678,3
2679,3
2680,3
2681,2
2682,2
2683,1
2684,3
2685,2
2686,1
2687,3
2688,3
2689,3
2690,2
2691,2
2692,3
2693,1
2694,2
2695,3
2696,3
2697,3
2698,3
2699,1
2700,3
2701,3
2702,1
2703,3
2704,1
2705,2
2706,1
2707,2
2708,1
2709,1
2710,2
2711,3
2712,3
2713,2
2714,1
2715,2
2716,3
2717,1
2718,1
2719,3
2720,1
2721,3
2722,1
2723,2
2724,1
2725,2
2726,2
2727,2
2728,1
2729,2
2730,2
2731,1
2732,3
2733,1
2734,1
2735,2
2736,2
2737,3
2738,1
2739,3
2740,1
2741,2
2742,2
2743,2
2744,3
2745,3
2746,3
2747,2
2748,3
2749,2
2750,3
2751,2
2752,2
2753,2
2754,1
2755,2
2756,3
2757,2
2758,1
2759,3
2760,3
2761,2
2762,3
2763,1
2764,2
2765,1
2766,1
2767,2
2768,1
2769,2
2770,1
2771,3
2772,2
2773,1
2774,1
2775,3
2776,2
2777,2
2778,3
2779,2
2780,1
2781,2
2782,3
2783,2
2784,3
2785,3
2786,2
2787,3
2788,3
2789,1
2790,3
2791,2
2792,3
2793,3
2794,3
2795,2
2796,1
2797,2
2798,3
2799,1
2800,1
2801,2
2802,2
2803,3
2804,3
2805,3
2806,3
2807,2
2808,3
2809,1
2810,1
2811,3
2812,2
2813,3
2814,1
2815,1
2816,3
2817,3
2818,3
2819,1
2820,3
2821,2
2822,3
2823,2
2824,2
2825,1
2826,3
2827,3
2828,1
2829,1
2830,2
2831,1
2832,3
2833,2
2834,1
2835,2
2836,3
2837,1
2838,1
2839,2
2840,2
2841,3
2842,2
2843,1
2844,3
2845,1
2846,1
2847,2
2848,2
2849,1
2850,3
2851,2
2852,1
2853,1
2854,2
2855,1
2856,2
2857,3
2858,2
2859,1
2860,3
2861,3
2862,3
2863,2
2864,2
2865,1
2866,1
2867,3
2868,1
2869,2
2870,3
2871,1
2872,1
2873,2
2874,2
2875,3
2876,2
2877,1
2878,1
2879,1
2880,1
2881,3
2882,1
2883,1
2884,1
2885,1
2886,2
2887,3
2888,1
2889,3
2890,2
2891,1
2892,3
2893,2
2894,3
2895,3
2896,2
2897,3
2898,2
2899,2
2900,3
2901,2
2902,2
2903,1
2904,2
2905,3
2906,3
2907,3
2908,2
2909,2
2910,1
2911,2
2912,2
2913,2
2914,1
2915,2
2916,2
2917,3
2918,3
2919,1
2920,3
2921,2
2922,1
2923,1
2924,3
2925,1
2926,3
2927,1
2928,3
2929,1
2930,1
2931,2
2932,2
2933,1
2934,2
2935,3
2936,3
2937,1
2938,3
2939,2
2940,2
2941,1
2942,3
2943,1
2944,1
2945,3
2946,2
2947,2
2948,1
2949,2
2950,2
2951,3
2952,2
2953,3
2954,3
2955,2
2956,2
2957,3
2958,3
2959,2
2960,3
2961,1
2962,2
2963,2
2964,3
2965,3
2966,1
2967,2
2968,1
2969,2
2970,3
2971,3
2972,1
2973,1
2974,2
2975,1
2976,3
2977,1
2978,3
2979,1
2980,3
2981,2
2982,2
2983,2
2984,3
2985,1
2986,3
2987,1
2988,2
2989,1
2990,1
2991,3
2992,1
2993,1
2994,2
2995,2
2996,1
2997,2
2998,3
2999,1
3000,1
3001,3
3002,2
3003,2
3004,2
3005,1
3006,2
3007,1
3008,2
3009,2
3010,1
3011,1
3012,1
3013,3
3014,2
3015,1
3016,3
3017,2
3018,2
3019,3
3020,1
3021,2
3022,1
3023,3
3024,1
3025,3
3026,1
3027,3
3028,3
3029,2
3030,1
3031,1
3032,3
3033,3
3034,1
3035,2
3036,3
3037,3
3038,1
3039,1
3040,1
3041,2
3042,2
3043,2
3044,3
3045,1
3046,2
3047,3
3048,1
3049,2
3050,1
3051,2
3052,3
3053,3
3054,3
3055,2
3056,2
3057,2
3058,1
3059,2
3060,2
3061,3
3062,1
3063,3
3064,1
3065,2
3066,1
3067,3
3068,2
3069,1
3070,3
3071,1
3072,2
3073,2
3074,2
3075,2
3076,2
3077,2
3078,3
3079,1
3080,1
3081,3
3082,3
3083,2
3084,3
3085,1
3086,2
3087,3
3088,3
3089,3
3090,1
3091,3
3092,3
3093,1
3094,1
3095,1
3096,2
3097,2
3098,1
3099,1
3100,1
3101,1
3102,2
3103,2
3104,1
3105,2
3106,1
3107,3
3108,1
3109,3
3110,1
3111,1
3112,3
3113,3
3114,1
3115,3
3116,2
3117,3
3118,2
3119,1
3120,3
3121,1
3122,2
3123,2
3124,1
3125,1
3126,2
3127,2
3128,1
3129,1
3130,3
3131,2
3132,2
3133,1
3134,2
3135,3
3136,1
3137,2
3138,2
3139,1
3140,1
3141,2
3142,3
3143,3
3144,3
3145,2
3146,3
3147,1
3148,3
3149,1
3150,2
3151,2
3152,2
3153,2
3154,1
3155,1
3156,3
3157,2
3158,1
3159,2
3160,3
3161,1
3162,1
3163,3
3164,1
3165,3
3166,2
3167,3
3168,2
3169,3
3170,3
3171,2
3172,2
3173,1
3174,1
3175,3
3176,2
3177,3
3178,1
3179,1
3180,2
3181,3
3182,1
3183,1
3184,1
3185,3
3186,3
3187,3
3188,1
3189,3
3190,3
3191,1
3192,3
3193,1
3194,3
3195,2
3196,2
3197,2
3198,1
3199,1
3200,2
3201,1
3202,1
3203,3
3204,3
3205,3
3206,2
3207,3
3208,3
3209,1
3210,2
3211,3
3212,3
3213,2
3214,1
3215,2
3216,3
3217,3
3218,3
3219,2
3220,1
3221,3
3222,3
3223,1
3224,1
3225,3
3226,3
3227,2
3228,1
3229,1
3230,3
3231,2
3232,2
3233,1
3234,2
3235,1
3236,3
3237,1
3238,1
3239,1
3240,1
3241,3
3242,1
3243,2
3244,1
3245,1
3246,1
3247,2
3248,2
3249,1
3250,2
3251,2
3252,2
3253,3
3254,2
3255,1
3256,2
3257,2
3258,1
3259,1
3260,2
3261,3
3262,2
3263,2
3264,2
3265,3
3266,2
3267,1
3268,2
3269,2
3270,2
3271,2
3272,2
3273,1
3274,1
3275,2
3276,1
3277,2
3278,2
3279,2
3280,3
3281,1
3282,3
3283,2
3284,2
3285,1
3286,1
3287,2
3288,2
3289,3
3290,2
3291,1
3292,2
3293,3
3294,1
3295,2
3296,2
3297,1
3298,3
3299,3
3300,1
3301,1
3302,1
3303,3
3304,2
3305,2
3306,2
3307,1
3308,1
3309,1
3310,1
3311,2
3312,2
3313,2
3314,2
3315,2
3316,1
3317,1
3318,3
3319,2
3320,1
3321,2
3322,1
3323,3
3324,3
3325,3
3326,2
3327,3
3328,2
3329,1
3330,2
3331,1
3332,1
3333,1
3334,1
3335,2
3336,1
3337,1
3338,1
3339,1
3340,2
3341,2
3342,3
3343,1
3344,3
3345,3
3346,3
3347,2
3348,3
3349,1
3350,2
3351,3
3352,1
3353,2
3354,2
3355,2
3356,3
3357,3
3358,3
3359,3
3360,2
3361,2
3362,2
3363,3
3364,1
3365,2
3366,3
3367,2
3368,2
3369,2
3370,2
3371,3
3372,3
3373,3
3374,2
3375,1
3376,3
3377,3
3378,1
3379,3
3380,2
3381,1
3382,1
3383,2
3384,1
3385,1
3386,2
3387,1
3388,3
3389,2
3390,3
3391,1
3392,3
3393,2
3394,2
3395,2
3396,1
3397,3
3398,3
3399,3
3400,1
3401,1
3402,1
3403,3
3404,2
3405,3
3406,3
3407,3
3408,2
3409,1
3410,3
3411,1
3412,2
3413,1
3414,3
3415,1
3416,1
3417,1
3418,3
3419,2
3420,3
3421,2
3422,1
3423,3
3424,1
3425,2
3426,2
3427,1
3428,2
3429,2
3430,3
3431,1
3432,1
3433,1
3434,1
3435,1
3436,2
3437,2
3438,1
3439,2
3440,1
3441,2
3442,2
3443,3
3444,1
3445,2
3446,1
3447,3
3448,2
3449,3
3450,1
3451,2
3452,1
3453,2
3454,2
3455,1
3456,2
3457,2
3458,3
3459,2
3460,1
3461,3
3462,2
3463,1
3464,1
3465,1
3466,1
3467,3
3468,3
3469,3
3470,3
3471,2
3472,1
3473,3
3474,3
3475,1
3476,1
3477,1
3478,1
3479,3
3480,2
3481,2
3482,2
3483,2
3484,1
3485,3
3486,1
3487,3
3488,3
3489,1
3490,2
3491,3
3492,3
3493,2
3494,2
3495,1
3496,3
3497,3
3498,3
3499,1
3500,1
3501,2
3502,3
3503,1
3504,2
3505,2
3506,3
3507,1
3508,3
3509,1
3510,2
3511,1
3512,3
3513,3
3514,1
3515,2
3516,2
3517,1
3518,2
3519,2
3520,3
3521,3
3522,2
3523,2
3524,3
3525,2
3526,1
3527,1
3528,3
3529,3
3530,1
3531,1
3532,2
3533,1
3534,3
3535,1
3536,2
3537,1
3538,1
3539,1
3540,3
3541,1
3542,1
3543,3
3544,1
3545,2
3546,1
3547,1
3548,3
3549,2
3550,2
3551,1
3552,2
3553,3
3554,2
3555,2
3556,3
3557,3
3558,2
3559,1
3560,2
3561,1
3562,3
3563,3
3564,2
3565,2
3566,1
3567,1
3568,1
3569,3
3570,3
3571,3
3572,1
3573,2
3574,3
3575,2
3576,2
3577,1
3578,3
3579,3
3580,1
3581,1
3582,2
3583,1
3584,1
3585,3
3586,3
3587,1
3588,3
3589,2
3590,1
3591,1
3592,1
3593,2
3594,1
3595,1
3596,1
3597,3
3598,1
3599,1
3600,3
3601,1
3602,1
3603,1
3604,1
3605,3
3606,1
3607,1
3608,3
3609,1
3610,3
3611,1
3612,2
3613,1
3614,3
3615,1
3616,3
3617,2
3618,3
3619,1
3620,3
3621,3
3622,1
3623,1
3624,1
3625,1
3626,3
3627,1
3628,3
3629,1
3630,2
3631,2
3632,3
3633,3
3634,3
3635,2
3636,3
3637,1
3638,1
3639,3
3640,1
3641,3
3642,1
3643,1
3644,2
3645,1
3646,3
3647,2
3648,1
3649,3
3650,2
3651,2
3652,2
3653,3
3654,3
3655,1
3656,3
3657,1
3658,1
3659,1
3660,2
3661,3
3662,3
3663,2
3664,1
3665,2
3666,3
3667,2
3668,2
3669,1
3670,3
3671,1
3672,2
3673,2
3674,3
3675,1
3676,1
3677,3
3678,3
3679,1
3680,2
3681,2
3682,1
3683,2
3684,3
3685,2
3686,3
3687,3
3688,1
3689,1
3690,1
3691,2
3692,1
3693,3
3694,3
3695,2
3696,1
3697,3
3698,2
3699,1
3700,3
3701,2
3702,1
3703,2
3704,1
3705,3
3706,3
3707,3
3708,3
3709,1
3710,2
3711,1
3712,3
3713,2
3714,1
3715,2
3716,1
3717,2
3718,2
3719,2
3720,1
3721,3
3722,3
3723,3
3724,3
3725,2
3726,1
3727,1
3728,3
3729,2
3730,1
3731,1
3732,3
3733,3
3734,3
3735,2
3736,3
3737,3
3738,2
3739,2
3740,2
3741,3
3742,3
3743,1
3744,3
3745,1
3746,1
3747,1
3748,1
3749,2
3750,1
3751,2
3752,1
3753,1
3754,2
3755,1
3756,1
3757,2
3758,2
3759,2
3760,1
3761,2
3762,3
3763,2
3764,2
3765,1
3766,2
3767,3
3768,3
3769,2
3770,3
3771,3
3772,3
3773,3
3774,2
3775,3
3776,1
3777,2
3778,2
3779,1
3780,3
3781,2
3782,1
3783,3
3784,3
3785,2
3786,2
3787,3
3788,2
3789,2
3790,1
3791,1
3792,2
3793,1
3794,3
3795,2
3796,1
3797,3
3798,2
3799,1
3800,1
3801,2
3802,2
3803,1
3804,1
3805,1
3806,2
3807,2
3808,1
3809,2
3810,2
3811,1
3812,2
3813,1
3814,2
3815,3
3816,2
3817,2
3818,3
3819,2
3820,2
3821,3
3822,1
3823,1
3824,3
3825,2
3826,2
3827,2
3828,1
3829,1
3830,1
3831,1
3832,1
3833,2
3834,3
3835,3
3836,1
3837,2
3838,1
3839,2
3840,2
3841,2
3842,1
3843,1
3844,3
3845,3
3846,3
3847,3
3848,2
3849,1
3850,3
3851,2
3852,1
3853,2
3854,1
3855,2
3856,3
3857,1
3858,3
3859,2
3860,1
3861,2
3862,2
3863,2
3864,3
3865,1
3866,2
3867,3
3868,2
3869,1
3870,1
3871,2
3872,3
3873,2
3874,2
3875,3
3876,2
3877,1
3878,1
3879,2
3880,1
3881,2
3882,2
3883,3
3884,2
3885,2
3886,2
3887,2
3888,2
3889,3
3890,2
3891,2
3892,1
3893,3
3894,1
3895,3
3896,1
3897,1
3898,2
3899,1
3900,1
3901,3
3902,1
3903,2
3904,1
3905,2
3906,1
3907,2
3908,3
3909,1
3910,1
3911,3
3912,1
3913,3
3914,2
3915,1
3916,2
3917,1
3918,3
3919,3
3920,1
3921,1
3922,3
3923,3
3924,2
3925,1
3926,2
3927,1
3928,2
3929,1
3930,2
3931,2
3932,2
3933,1
3934,2
3935,2
3936,2
3937,1
3938,2
3939,1
3940,2
3941,1
3942,1
3943,1
3944,2
3945,1
3946,2
3947,1
3948,1
3949,3
3950,1
3951,1
3952,2
3953,1
3954,3
3955,2
3956,3
3957,3
3958,1
3959,2
3960,1
3961,1
3962,1
3963,1
3964,2
3965,3
3966,3
3967,1
3968,1
3969,3
3970,2
3971,1
3972,2
3973,1
3974,3
3975,3
3976,3
3977,3
3978,3
3979,2
3980,1
3981,2
3982,3
3983,1
3984,2
3985,2
3986,3
3987,3
3988,3
3989,2
3990,2
3991,2
3992,2
3993,2
3994,2
3995,1
3996,1
3997,2
3998,2
3999,2
4000,2
4001,3
4002,2
4003,2
4004,2
4005,3
4006,1
4007,1
4008,1
4009,2
4010,2
4011,3
4012,1
4013,2
4014,1
4015,3
4016,3
4017,2
4018,1
4019,1
4020,3
4021,2
4022,2
4023,3
4024,3
4025,2
4026,1
4027,3
4028,3
4029,3
4030,3
4031,2
4032,2
4033,1
4034,2
4035,3
4036,2
4037,2
4038,1
4039,2
4040,3
4041,2
4042,2
4043,2
4044,1
4045,1
4046,3
4047,2
4048,1
4049,2
4050,3
4051,1
4052,1
4053,2
4054,3
4055,3
4056,1
4057,3
4058,2
4059,2
4060,2
4061,2
4062,3
4063,3
4064,3
4065,1
4066,2
4067,3
4068,2
4069,2
4070,2
4071,2
4072,1
4073,1
4074,2
4075,3
4076,1
4077,1
4078,3
4079,3
4080,1
4081,1
4082,1
4083,2
4084,3
4085,3
4086,2
4087,2
4088,2
4089,2
4090,3
4091,3
4092,2
4093,1
4094,1
4095,2
4096,3
4097,3
4098,3
4099,2
4100,2
4101,3
4102,2
4103,2
4104,2
4105,2
4106,3
4107,1
4108,1
4109,2
4110,1
4111,1
4112,2
4113,3
4114,2
4115,3
4116,2
4117,3
4118,1
4119,1
4120,1
4121,2
4122,1
4123,2
4124,1
4125,3
4126,1
4127,1
4128,1
4129,1
4130,1
4131,2
4132,1
4133,2
4134,1
4135,1
4136,1
4137,1
4138,1
4139,1
4140,2
4141,2
4142,2
4143,2
4144,1
4145,2
4146,3
4147,3
4148,1
4149,1
4150,1
4151,3
4152,2
4153,2
4154,2
4155,2
4156,3
4157,2
4158,1
4159,3
4160,3
4161,2
4162,3
4163,2
4164,1
4165,2
4166,2
4167,3
4168,3
4169,3
4170,1
4171,3
4172,2
4173,3
4174,2
4175,1
4176,2
4177,3
4178,1
4179,3
4180,2
4181,1
4182,1
4183,3
4184,2
4185,2
4186,1
4187,1
4188,1
4189,2
4190,3
4191,2
4192,2
4193,1
4194,2
4195,1
4196,2
4197,1
4198,3
4199,3
4200,3
4201,3
4202,1
4203,2
4204,1
4205,2
4206,3
4207,2
4208,2
4209,2
4210,2
4211,2
4212,3
4213,1
4214,1
4215,3
4216,1
4217,1
4218,2
4219,2
4220,2
4221,3
4222,2
4223,2
4224,3
4225,2
4226,1
4227,1
4228,1
4229,1
4230,1
4231,3
4232,2
4233,1
4234,3
4235,1
4236,1
4237,1
4238,3
4239,3
4240,1
4241,3
4242,2
4243,1
4244,1
4245,1
4246,1
4247,1
4248,3
4249,2
4250,2
4251,2
4252,1
4253,2
4254,1
4255,1
4256,1
4257,1
4258,3
4259,3
4260,1
4261,3
4262,2
4263,3
4264,2
4265,1
4266,2
4267,2
4268,3
4269,1
4270,1
4271,2
4272,3
4273,1
4274,2
4275,2
4276,2
4277,2
4278,3
4279,3
4280,1
4281,1
4282,3
4283,1
4284,2
4285,3
4286,3
4287,1
4288,2
4289,3
4290,2
4291,3
4292,2
4293,1
4294,2
4295,2
4296,1
4297,3
4298,1
4299,2
4300,2
4301,2
4302,2
4303,2
4304,2
4305,3
4306,2
4307,2
4308,3
4309,2
4310,2
4311,2
4312,2
4313,2
4314,2
4315,2
4316,2
4317,3
4318,3
4319,2
4320,3
4321,2
4322,1
4323,3
4324,2
4325,3
4326,3
4327,3
4328,2
4329,1
4330,2
4331,2
4332,2
4333,1
4334,1
4335,2
4336,1
4337,1
4338,2
4339,1
4340,2
4341,1
4342,3
4343,1
4344,1
4345,2
4346,3
4347,2
4348,1
4349,1
4350,1
4351,2
4352,1
4353,1
4354,2
4355,1
4356,1
4357,3
4358,2
4359,1
4360,1
4361,3
4362,1
4363,3
4364,2
4365,3
4366,1
4367,1
4368,1
4369,3
4370,1
4371,1
4372,1
4373,2
4374,2
4375,1
4376,2
4377,2
4378,1
4379,1
4380,1
4381,1
4382,2
4383,3
4384,1
4385,2
4386,1
4387,2
4388,3
4389,3
4390,2
4391,2
4392,1
4393,3
4394,3
4395,3
4396,1
4397,2
4398,1
4399,3
4400,3
4401,3
4402,2
4403,1
4404,2
4405,3
4406,2
4407,1
4408,2
4409,2
4410,2
4411,1
4412,2
4413,3
4414,2
4415,2
4416,3
4417,3
4418,2
4419,1
4420,3
4421,3
4422,1
4423,3
4424,1
4425,2
4426,3
4427,1
4428,2
4429,2
4430,3
4431,1
4432,2
4433,2
4434,1
4435,3
4436,3
4437,1
4438,1
4439,1
4440,1
4441,2
4442,1
4443,2
4444,1
4445,3
4446,2
4447,2
4448,1
4449,3
4450,2
4451,3
4452,2
4453,1
4454,1
4455,3
4456,2
4457,2
4458,2
4459,1
4460,2
4461,2
4462,2
4463,1
4464,3
4465,2
4466,3
4467,3
4468,1
4469,1
4470,1
4471,1
4472,1
4473,2
4474,1
4475,1
4476,1
4477,2
4478,2
4479,1
4480,1
4481,3
4482,3
4483,2
4484,1
4485,2
4486,1
4487,3
4488,2
4489,2
4490,1
4491,1
4492,2
4493,3
4494,2
4495,2
4496,1
4497,1
4498,3
4499,2
4500,1
4501,2
4502,2
4503,3
4504,1
4505,1
4506,3
4507,2
4508,1
4509,2
4510,1
4511,3
4512,1
4513,3
4514,2
4515,2
4516,2
4517,3
4518,2
4519,3
4520,3
4521,1
4522,3
4523,1
4524,3
4525,3
4526,3
4527,1
4528,1
4529,1
4530,1
4531,1
4532,1
4533,1
4534,3
4535,1
4536,2
4537,2
4538,1
4539,1
4540,2
4541,3
4542,1
4543,1
4544,2
4545,2
4546,2
4547,3
4548,2
4549,2
4550,1
4551,2
4552,2
4553,3
4554,3
4555,1
4556,2
4557,1
4558,2
4559,3
4560,2
4561,2
4562,3
4563,2
4564,2
4565,3
4566,3
4567,2
4568,3
4569,3
4570,3
4571,1
4572,1
4573,2
4574,1
4575,1
4576,2
4577,1
4578,3
4579,3
4580,2
4581,1
4582,2
4583,1
4584,1
4585,1
4586,2
4587,1
4588,2
4589,1
4590,1
4591,1
4592,2
4593,3
4594,1
4595,3
4596,1
4597,2
4598,2
4599,1
4600,1
4601,3
4602,2
4603,2
4604,1
4605,1
4606,2
4607,1
4608,1
4609,3
4610,2
4611,1
4612,1
4613,2
4614,1
4615,1
4616,2
4617,1
4618,1
4619,3
4620,2
4621,3
4622,1
4623,2
4624,1
4625,1
4626,1
4627,2
4628,2
4629,1
4630,2
4631,2
4632,3
4633,1
4634,2
4635,2
4636,1
4637,2
4638,2
4639,2
4640,1
4641,1
4642,1
4643,3
4644,3
4645,1
4646,1
4647,3
4648,3
4649,2
4650,2
4651,2
4652,2
4653,1
4654,2
4655,1
4656,2
4657,3
4658,3
4659,3
4660,2
4661,1
4662,3
4663,3
4664,1
4665,2
4666,2
4667,2
4668,2
4669,2
4670,2
4671,1
4672,3
4673,1
4674,1
4675,2
4676,3
4677,1
4678,2
4679,1
4680,3
4681,3
4682,3
4683,3
4684,2
4685,3
4686,3
4687,2
4688,3
4689,2
4690,3
4691,1
4692,3
4693,2
4694,2
4695,2
4696,2
4697,3
4698,1
4699,2
4700,1
4701,1
4702,1
4703,2
4704,1
4705,1
4706,3
4707,3
4708,3
4709,3
4710,1
4711,1
4712,3
4713,1
4714,2
4715,3
4716,3
4717,2
4718,1
4719,1
4720,2
4721,2
4722,2
4723,1
4724,3
4725,1
4726,2
4727,2
4728,3
4729,1
4730,3
4731,1
4732,3
4733,1
4734,3
4735,3
4736,1
4737,2
4738,1
4739,2
4740,3
4741,1
4742,1
4743,3
4744,1
4745,1
4746,2
4747,1
4748,2
4749,1
4750,2
4751,2
4752,3
4753,1
4754,3
4755,3
4756,2
4757,1
4758,1
4759,2
4760,2
4761,2
4762,1
4763,3
4764,1
4765,1
4766,2
4767,3
4768,3
4769,1
4770,2
4771,2
4772,3
4773,3
4774,2
4775,1
4776,3
4777,1
4778,3
4779,1
4780,3
4781,2
4782,3
4783,1
4784,3
4785,2
4786,3
4787,3
4788,1
4789,1
4790,2
4791,1
4792,1
4793,1
4794,3
4795,3
4796,2
4797,1
4798,1
4799,2
4800,1
4801,2
4802,2
4803,2
4804,3
4805,2
4806,1
4807,2
4808,2
4809,1
4810,2
4811,1
4812,1
4813,2
4814,2
4815,1
4816,1
4817,1
4818,3
4819,2
4820,2
4821,3
4822,3
4823,1
4824,2
4825,3
4826,2
4827,3
4828,1
4829,2
4830,1
4831,2
4832,1
4833,1
4834,3
4835,1
4836,2
4837,2
4838,2
4839,1
4840,1
4841,1
4842,2
4843,1
4844,1
4845,3
4846,1
4847,3
4848,2
4849,1
4850,2
4851,3
4852,2
4853,3
4854,2
4855,3
4856,3
4857,3
4858,3
4859,2
4860,2
4861,1
4862,3
4863,2
4864,1
4865,3
4866,2
4867,3
4868,3
4869,3
4870,2
4871,2
4872,3
4873,2
4874,3
4875,1
4876,1
4877,3
4878,1
4879,1
4880,2
4881,1
4882,1
4883,1
4884,3
4885,3
4886,1
4887,2
4888,1
4889,1
4890,1
4891,1
4892,3
4893,1
4894,2
4895,1
4896,2
4897,1
4898,1
4899,1
4900,3
4901,1
4902,2
4903,1
4904,1
4905,2
4906,2
4907,1
4908,2
4909,3
4910,3
4911,1
4912,1
4913,1
4914,3
4915,1
4916,1
4917,3
4918,3
4919,1
4920,1
4921,2
4922,1
4923,3
4924,1
4925,1
4926,1
4927,2
4928,2
4929,1
4930,3
4931,1
4932,1
4933,3
4934,1
4935,2
4936,1
4937,1
4938,1
4939,1
4940,3
4941,1
4942,3
4943,3
4944,2
4945,1
4946,2
4947,2
4948,3
4949,3
4950,1
4951,1
4952,2
4953,1
4954,1
4955,3
4956,3
4957,2
4958,1
4959,1
4960,1
4961,2
4962,1
4963,3
4964,2
4965,3
4966,3
4967,1
4968,3
4969,2
4970,2
4971,1
4972,1
4973,3
4974,2
4975,2
4976,3
4977,1
4978,2
4979,2
4980,1
4981,3
4982,3
4983,2
4984,2
4985,2
4986,1
4987,3
4988,1
4989,3
4990,3
4991,2
4992,2
4993,2
4994,2
4995,3
4996,3
4997,1
4998,3
4999,2
5000,1
5001,2
5002,1
5003,2
5004,1
5005,1
5006,3
5007,1
5008,2
5009,1
5010,2
5011,1
5012,1
5013,1
5014,1
5015,2
5016,1
5017,3
5018,2
5019,2
5020,2
5021,1
5022,1
5023,2
5024,3
5025,2
5026,3
5027,2
5028,1
5029,2
5030,1
5031,3
5032,3
5033,2
5034,2
5035,1
5036,2
5037,1
5038,1
5039,3
5040,2
5041,3
5042,2
5043,3
5044,1
5045,1
5046,1
5047,3
5048,1
5049,1
5050,3
5051,1
5052,3
5053,1
5054,1
5055,2
5056,2
5057,2
5058,2
5059,1
5060,3
5061,2
5062,1
5063,1
5064,1
5065,1
5066,3
5067,1
5068,2
5069,1
5070,2
5071,1
5072,2
5073,2
5074,2
5075,2
5076,3
5077,1
5078,3
5079,2
5080,3
5081,2
5082,1
5083,2
5084,2
5085,2
5086,2
5087,1
5088,2
5089,3
5090,3
5091,2
5092,1
5093,2
5094,2
5095,1
5096,2
5097,1
5098,1
5099,3
5100,3
5101,2
5102,1
5103,2
5104,1
5105,2
5106,1
5107,1
5108,2
5109,1
5110,1
5111,1
5112,2
5113,2
5114,3
5115,2
5116,1
5117,2
5118,1
5119,1
5120,3
5121,1
5122,2
5123,3
5124,3
5125,2
5126,2
5127,2
5128,2
5129,3
5130,2
5131,1
5132,3
5133,2
5134,3
5135,3
5136,2
5137,1
5138,2
5139,3
5140,2
5141,1
5142,1
5143,3
5144,3
5145,2
5146,2
5147,2
5148,1
5149,1
5150,2
5151,1
5152,1
5153,3
5154,1
5155,2
5156,2
5157,1
5158,2
5159,1
5160,2
5161,1
5162,3
5163,1
5164,1
5165,3
5166,2
5167,2
5168,3
5169,2
5170,3
5171,1
5172,3
5173,1
5174,2
5175,1
5176,2
5177,2
5178,1
5179,1
5180,1
5181,1
5182,3
5183,3
5184,1
5185,2
5186,3
5187,1
5188,3
5189,2
5190,1
5191,3
5192,2
5193,1
5194,3
5195,2
5196,1
5197,1
5198,2
5199,2
5200,1
5201,3
5202,2
5203,2
5204,2
5205,2
5206,2
5207,3
5208,2
5209,3
5210,3
5211,2
5212,3
5213,3
5214,3
5215,2
5216,3
5217,1
5218,2
5219,2
5220,1
5221,2
5222,1
5223,2
5224,3
5225,3
5226,2
5227,2
5228,1
5229,1
5230,1
5231,1
5232,1
5233,1
5234,1
5235,1
5236,2
5237,1
5238,3
5239,2
5240,3
5241,3
5242,1
5243,1
5244,2
5245,3
5246,2
5247,2
5248,1
5249,3
5250,3
5251,2
5252,1
5253,3
5254,2
5255,3
5256,2
5257,1
5258,1
5259,1
5260,1
5261,3
5262,3
5263,2
5264,1
5265,1
5266,3
5267,2
5268,1
5269,1
5270,2
5271,3
5272,3
5273,2
5274,2
5275,1
5276,1
5277,2
5278,3
5279,3
5280,2
5281,1
5282,2
5283,2
5284,3
5285,1
5286,2
5287,3
5288,2
5289,1
5290,1
5291,1
5292,3
5293,3
5294,2
5295,2
5296,2
5297,1
5298,3
5299,1
5300,1
5301,1
5302,2
5303,2
5304,3
5305,2
5306,1
5307,3
5308,1
5309,3
5310,1
5311,3
5312,3
5313,2
5314,1
5315,1
5316,2
5317,3
5318,2
5319,3
5320,3
5321,3
5322,2
5323,1
5324,3
5325,2
5326,2
5327,3
5328,2
5329,2
5330,3
5331,1
5332,1
5333,1
5334,2
5335,1
5336,2
5337,2
5338,2
5339,2
5340,2
5341,2
5342,3
5343,2
5344,2
5345,2
5346,3
5347,2
5348,2
5349,2
5350,2
5351,3
5352,2
5353,1
5354,3
5355,2
5356,1
5357,1
5358,3
5359,2
5360,1
5361,2
5362,3
5363,3
5364,1
5365,2
5366,1
5367,2
5368,2
5369,3
5370,3
5371,1
5372,2
5373,1
5374,1
5375,2
5376,1
5377,2
5378,1
5379,2
5380,3
5381,2
5382,2
5383,3
5384,2
5385,3
5386,2
5387,1
5388,2
5389,3
5390,3
5391,2
5392,2
5393,1
5394,1
5395,1
5396,2
5397,2
5398,1
5399,2
5400,2
5401,2
5402,2
5403,1
5404,1
5405,3
5406,3
5407,1
5408,3
5409,1
5410,1
5411,2
5412,2
5413,1
5414,2
5415,2
5416,3
5417,2
5418,3
5419,1
5420,1
5421,2
5422,1
5423,1
5424,2
5425,2
5426,2
5427,1
5428,1
5429,3
5430,1
5431,2
5432,3
5433,3
5434,2
5435,1
5436,2
5437,3
5438,1
5439,2
5440,1
5441,1
5442,2
5443,1
5444,2
5445,1
5446,3
5447,3
5448,2
5449,3
5450,3
5451,1
5452,2
5453,3
5454,1
5455,1
5456,1
5457,2
5458,2
5459,2
5460,1
5461,1
5462,1
5463,2
5464,2
5465,3
5466,1
5467,3
5468,2
5469,2
5470,3
5471,2
5472,2
5473,2
5474,3
5475,2
5476,2
5477,1
5478,1
5479,2
5480,1
5481,2
5482,2
5483,3
5484,2
5485,2
5486,2
5487,1
5488,2
5489,3
5490,1
5491,1
5492,2
5493,3
5494,1
5495,1
5496,2
5497,2
5498,2
5499,2
5500,1
5501,1
5502,1
5503,1
5504,3
5505,3
5506,3
5507,3
5508,1
5509,2
5510,2
5511,3
5512,1
5513,3
5514,2
5515,2
5516,1
5517,2
5518,2
5519,1
5520,3
5521,1
5522,1
5523,2
5524,2
5525,1
5526,2
5527,2
5528,2
5529,3
5530,2
5531,2
5532,2
5533,3
5534,2
5535,2
5536,3
5537,2
5538,2
5539,3
5540,2
5541,3
5542,2
5543,1
5544,3
5545,2
5546,3
5547,1
5548,2
5549,1
5550,3
5551,2
5552,1
5553,3
5554,2
5555,2
5556,1
5557,1
5558,2
5559,2
5560,3
5561,2
5562,1
5563,3
5564,2
5565,1
5566,1
5567,1
5568,2
5569,1
5570,2
5571,2
5572,1
5573,1
5574,1
5575,2
5576,1
5577,1
5578,3
5579,3
5580,1
5581,2
5582,2
5583,3
5584,3
5585,3
5586,1
5587,1
5588,2
5589,1
5590,3
5591,2
5592,1
5593,1
5594,2
5595,3
5596,2
5597,1
5598,3
5599,3
5600,2
5601,3
5602,2
5603,2
5604,2
5605,2
5606,3
5607,3
5608,2
5609,1
5610,2
5611,1
5612,1
5613,1
5614,2
5615,3
5616,2
5617,2
5618,2
5619,2
5620,3
5621,2
5622,1
5623,2
5624,1
5625,1
5626,2
5627,1
5628,3
5629,1
5630,2
5631,1
5632,1
5633,2
5634,1
5635,3
5636,3
5637,2
5638,2
5639,1
5640,2
5641,3
5642,1
5643,3
5644,3
5645,1
5646,1
5647,2
5648,1
5649,3
5650,3
5651,1
5652,1
5653,1
5654,3
5655,2
5656,2
5657,1
5658,1
5659,1
5660,2
5661,2
5662,3
5663,1
5664,2
5665,1
5666,3
5667,1
5668,2
5669,3
5670,3
5671,3
5672,1
5673,3
5674,3
5675,1
5676,3
5677,1
5678,1
5679,3
5680,3
5681,2
5682,1
5683,2
5684,3
5685,2
5686,2
5687,2
5688,3
5689,3
5690,2
5691,3
5692,1
5693,3
5694,3
5695,3
5696,1
5697,2
5698,1
5699,3
5700,1
5701,2
5702,3
5703,1
5704,2
5705,1
5706,1
5707,1
5708,3
5709,1
5710,1
5711,2
5712,2
5713,3
5714,1
5715,2
5716,1
5717,1
5718,1
5719,2
5720,1
5721,3
5722,1
5723,1
5724,2
5725,2
5726,2
5727,2
5728,2
5729,2
5730,2
5731,3
5732,2
5733,1
5734,3
5735,3
5736,2
5737,3
5738,3
5739,2
5740,3
5741,1
5742,2
5743,2
5744,3
5745,3
5746,2
5747,3
5748,3
5749,2
5750,1
5751,3
5752,3
5753,2
5754,1
5755,1
5756,1
5757,3
5758,1
5759,1
5760,2
5761,2
5762,1
5763,2
5764,3
5765,2
5766,1
5767,1
5768,1
5769,2
5770,3
5771,3
5772,2
5773,2
5774,1
5775,1
5776,3
5777,3
5778,3
5779,3
5780,2
5781,3
5782,2
5783,2
5784,2
5785,2
5786,1
5787,3
5788,1
5789,2
5790,2
5791,2
5792,2
5793,1
5794,3
5795,1
5796,3
5797,3
5798,2
5799,3
5800,1
5801,3
5802,1
5803,2
5804,2
5805,2
5806,2
5807,1
5808,1
5809,2
5810,3
5811,3
5812,1
5813,2
5814,2
5815,1
5816,2
5817,2
5818,3
5819,3
5820,2
5821,1
5822,3
5823,1
5824,2
5825,1
5826,1
5827,2
5828,1
5829,2
5830,1
5831,2
5832,1
5833,1
5834,3
5835,1
5836,2
5837,2
5838,2
5839,1
5840,2
5841,3
5842,2
5843,1
5844,1
5845,3
5846,3
5847,3
5848,1
5849,3
5850,1
5851,1
5852,2
5853,3
5854,2
5855,1
5856,3
5857,2
5858,2
5859,1
5860,1
5861,1
5862,1
5863,2
5864,3
5865,2
5866,2
5867,2
5868,1
5869,3
5870,2
5871,1
5872,1
5873,2
5874,2
5875,3
5876,2
5877,3
5878,1
5879,1
5880,3
5881,1
5882,3
5883,2
5884,3
5885,3
5886,1
5887,1
5888,1
5889,3
5890,1
5891,2
5892,3
5893,3
5894,1
5895,3
5896,1
5897,3
5898,3
5899,2
5900,2
5901,1
5902,2
5903,2
5904,3
5905,3
5906,1
5907,1
5908,1
5909,1
5910,1
5911,1
5912,2
5913,2
5914,2
5915,1
5916,2
5917,2
5918,2
5919,3
5920,1
5921,1
5922,3
5923,2
5924,1
5925,1
5926,2
5927,2
5928,2
5929,1
5930,1
5931,2
5932,1
5933,2
5934,1
5935,2
5936,1
5937,2
5938,2
5939,2
5940,1
5941,1
5942,2
5943,3
5944,2
5945,3
5946,3
5947,1
5948,3
5949,1
5950,3
5951,3
5952,1
5953,3
5954,2
5955,1
5956,3
5957,3
5958,3
5959,2
5960,3
5961,3
5962,3
5963,3
5964,1
5965,1
5966,1
5967,3
5968,2
5969,1
5970,2
5971,3
5972,2
5973,1
5974,3
5975,2
5976,3
5977,2
5978,1
5979,2
5980,3
5981,1
5982,2
5983,1
5984,2
5985,3
5986,2
5987,2
5988,1
5989,1
5990,2
5991,2
5992,2
5993,1
5994,2
5995,1
5996,2
5997,1
5998,1
5999,3
6000,1
6001,1
6002,2
6003,2
6004,1
6005,2
6006,1
6007,3
6008,2
6009,1
6010,3
6011,1
6012,2
6013,2
6014,2
6015,1
6016,2
6017,2
6018,1
6019,1
6020,2
6021,2
6022,1
6023,3
6024,2
6025,3
6026,2
6027,3
6028,1
6029,2
6030,1
6031,2
6032,3
6033,3
6034,2
6035,2
6036,2
6037,2
6038,1
6039,2
6040,2
6041,1
6042,1
6043,2
6044,3
6045,3
6046,3
6047,1
6048,1
6049,2
6050,1
6051,3
6052,1
6053,1
6054,1
6055,2
6056,2
6057,3
6058,1
6059,3
6060,2
6061,2
6062,1
6063,1
6064,2
6065,1
6066,3
6067,1
6068,2
6069,3
6070,3
6071,2
6072,1
6073,1
6074,3
6075,2
6076,1
6077,2
6078,2
6079,1
6080,1
6081,2
6082,1
6083,2
6084,2
6085,1
6086,2
6087,3
6088,1
6089,3
6090,3
6091,3
6092,2
6093,2
6094,1
6095,2
6096,2
6097,2
6098,1
6099,1
6100,1
6101,1
6102,2
6103,2
6104,2
6105,3
6106,3
6107,2
6108,1
6109,1
6110,2
6111,2
6112,2
6113,1
6114,3
6115,2
6116,2
6117,1
6118,1
6119,2
6120,1
6121,3
6122,1
6123,2
6124,2
6125,3
6126,1
6127,2
6128,3
6129,3
6130,1
6131,2
6132,3
6133,2
6134,1
6135,1
6136,1
6137,2
6138,1
6139,3
6140,1
6141,1
6142,1
6143,3
6144,2
6145,3
6146,1
6147,2
6148,3
6149,3
6150,3
6151,2
6152,2
6153,2
6154,1
6155,2
6156,3
6157,1
6158,3
6159,3
6160,2
6161,2
6162,2
6163,1
6164,1
6165,1
6166,3
6167,1
6168,2
6169,2
6170,2
6171,2
6172,3
6173,2
6174,2
6175,2
6176,1
6177,2
6178,2
6179,3
6180,1
6181,2
6182,3
6183,1
6184,2
6185,1
6186,2
6187,2
6188,3
6189,1
6190,3
6191,3
6192,2
6193,2
6194,3
6195,3
6196,1
6197,3
6198,2
6199,1
6200,3
6201,2
6202,2
6203,3
6204,3
6205,3
6206,2
6207,1
6208,3
6209,2
6210,3
6211,1
6212,3
6213,3
6214,1
6215,1
6216,1
6217,2
6218,2
6219,3
6220,2
6221,2
6222,3
6223,3
6224,1
6225,1
6226,2
6227,1
6228,1
6229,1
6230,2
6231,1
6232,3
6233,1
6234,2
6235,2
6236,2
6237,3
6238,3
6239,2
6240,3
6241,1
6242,1
6243,3
6244,1
6245,1
6246,1
6247,3
6248,1
6249,2
6250,1
6251,2
6252,1
6253,2
6254,3
6255,3
6256,2
6257,2
6258,2
6259,3
6260,3
6261,3
6262,1
6263,2
6264,2
6265,1
6266,1
6267,2
6268,2
6269,2
6270,3
6271,3
6272,2
6273,1
6274,1
6275,1
6276,1
6277,2
6278,1
6279,1
6280,1
6281,3
6282,3
6283,1
6284,3
6285,3
6286,3
6287,1
6288,2
6289,2
6290,1
6291,3
6292,1
6293,1
6294,1
6295,1
6296,2
6297,2
6298,2
6299,2
6300,2
6301,1
6302,3
6303,1
6304,2
6305,3
6306,1
6307,1
6308,3
6309,1
6310,1
6311,1
6312,2
6313,1
6314,2
6315,1
6316,2
6317,2
6318,1
6319,3
6320,3
6321,1
6322,1
6323,1
6324,2
6325,3
6326,3
6327,1
6328,1
6329,2
6330,3
6331,1
6332,1
6333,3
6334,3
6335,3
6336,1
6337,3
6338,2
6339,1
6340,2
6341,1
6342,1
6343,3
6344,3
6345,3
6346,1
6347,1
6348,2
6349,3
6350,3
6351,3
6352,2
6353,3
6354,2
6355,2
6356,2
6357,1
6358,3
6359,3
6360,2
6361,2
6362,2
6363,1
6364,3
6365,1
6366,3
6367,3
6368,3
6369,3
6370,2
6371,3
6372,2
6373,2
6374,3
6375,2
6376,1
6377,2
6378,3
6379,3
6380,1
6381,1
6382,1
6383,2
6384,1
6385,2
6386,3
6387,3
6388,3
6389,2
6390,1
6391,1
6392,2
6393,3
6394,2
6395,1
6396,1
6397,1
6398,1
6399,2
6400,2
6401,1
6402,3
6403,2
6404,1
6405,1
6406,2
6407,1
6408,1
6409,2
6410,1
6411,3
6412,2
6413,1
6414,3
6415,1
6416,2
6417,1
6418,1
6419,3
6420,2
6421,1
6422,2
6423,1
6424,1
6425,2
6426,2
6427,1
6428,2
6429,2
6430,1
6431,1
6432,2
6433,2
6434,3
6435,3
6436,1
6437,3
6438,2
6439,2
6440,1
6441,3
6442,2
6443,1
6444,2
6445,3
6446,1
6447,2
6448,1
6449,2
6450,1
6451,1
6452,2
6453,2
6454,1
6455,2
6456,2
6457,3
6458,1
6459,1
6460,3
6461,3
6462,2
6463,2
6464,3
6465,2
6466,2
6467,3
6468,2
6469,2
6470,3
6471,1
6472,2
6473,1
6474,2
6475,1
6476,1
6477,2
6478,3
6479,1
6480,3
6481,3
6482,3
6483,1
6484,3
6485,3
6486,2
6487,2
6488,2
6489,2
6490,2
6491,3
6492,3
6493,1
6494,1
6495,2
6496,2
6497,3
6498,2
6499,1
6500,1
6501,1
6502,3
6503,1
6504,2
6505,2
6506,1
6507,1
6508,1
6509,2
6510,1
6511,1
6512,1
6513,3
6514,2
6515,3
6516,3
6517,3
6518,1
6519,1
6520,2
6521,1
6522,2
6523,3
6524,3
6525,2
6526,3
6527,2
6528,2
6529,2
6530,2
6531,1
6532,3
6533,2
6534,3
6535,2
6536,2
6537,1
6538,1
6539,2
6540,2
6541,1
6542,1
6543,1
6544,1
6545,3
6546,1
6547,1
6548,1
6549,1
6550,2
6551,1
6552,3
6553,1
6554,3
6555,2
6556,3
6557,3
6558,2
6559,1
6560,2
6561,2
6562,2
6563,3
6564,2
6565,3
6566,2
6567,3
6568,2
6569,1
6570,3
6571,2
6572,3
6573,2
6574,3
6575,2
6576,1
6577,2
6578,1
6579,2
6580,1
6581,2
6582,2
6583,2
6584,3
6585,2
6586,2
6587,3
6588,1
6589,2
6590,1
6591,2
6592,3
6593,1
6594,2
6595,3
6596,1
6597,1
6598,1
6599,2
6600,3
6601,1
6602,2
6603,2
6604,1
6605,2
6606,1
6607,3
6608,2
6609,3
6610,1
6611,1
6612,1
6613,1
6614,1
6615,2
6616,1
6617,2
6618,1
6619,1
6620,2
6621,1
6622,2
6623,1
6624,2
6625,1
6626,2
6627,3
6628,3
6629,2
6630,2
6631,2
6632,2
6633,1
6634,2
6635,1
6636,1
6637,3
6638,1
6639,1
6640,2
6641,3
6642,2
6643,3
6644,1
6645,2
6646,1
6647,1
6648,3
6649,2
6650,2
6651,3
6652,2
6653,2
6654,2
6655,2
6656,3
6657,1
6658,2
6659,2
6660,3
6661,1
6662,3
6663,3
6664,1
6665,3
6666,2
6667,2
6668,2
6669,2
6670,3
6671,1
6672,3
6673,1
6674,3
6675,3
6676,2
6677,3
6678,2
6679,3
6680,1
6681,1
6682,2
6683,1
6684,3
6685,2
6686,3
6687,3
6688,3
6689,2
6690,2
6691,2
6692,3
6693,3
6694,2
6695,2
6696,2
6697,1
6698,2
6699,2
6700,2
6701,1
6702,3
6703,1
6704,2
6705,1
6706,1
6707,1
6708,1
6709,1
6710,1
6711,3
6712,2
6713,1
6714,1
6715,1
6716,3
6717,1
6718,3
6719,2
6720,1
6721,3
6722,2
6723,2
6724,1
6725,3
6726,1
6727,2
6728,3
6729,3
6730,1
6731,3
6732,3
6733,3
6734,3
6735,2
6736,3
6737,1
6738,1
6739,2
6740,2
6741,2
6742,3
6743,2
6744,1
6745,1
6746,2
6747,2
6748,2
6749,3
6750,3
6751,2
6752,2
6753,1
6754,2
6755,2
6756,1
6757,3
6758,1
6759,2
6760,2
6761,3
6762,2
6763,1
6764,2
6765,3
6766,2
6767,2
6768,2
6769,3
6770,1
6771,3
6772,2
6773,2
6774,2
6775,2
6776,1
6777,1
6778,1
6779,3
6780,1
6781,1
6782,2
6783,3
6784,1
6785,3
6786,2
6787,1
6788,1
6789,1
6790,1
6791,1
6792,1
6793,1
6794,1
6795,1
6796,1
6797,3
6798,1
6799,2
6800,1
6801,1
6802,1
6803,2
6804,2
6805,2
6806,3
6807,2
6808,3
6809,1
6810,3
6811,2
6812,2
6813,2
6814,3
6815,3
6816,2
6817,2
6818,1
6819,3
6820,3
6821,2
6822,1
6823,1
6824,3
6825,3
6826,3
6827,1
6828,1
6829,1
6830,2
6831,2
6832,3
6833,1
6834,3
6835,2
6836,1
6837,1
6838,2
6839,3
6840,1
6841,2
6842,1
6843,1
6844,2
6845,1
6846,3
6847,1
6848,3
6849,3
6850,2
6851,2
6852,2
6853,2
6854,2
6855,3
6856,1
6857,3
6858,3
6859,1
6860,2
6861,2
6862,1
6863,2
6864,2
6865,2
6866,3
6867,2
6868,2
6869,3
6870,2
6871,2
6872,2
6873,2
6874,2
6875,2
6876,2
6877,1
6878,2
6879,1
6880,2
6881,2
6882,3
6883,1
6884,3
6885,3
6886,1
6887,2
6888,1
6889,1
6890,3
6891,3
6892,2
6893,3
6894,2
6895,3
6896,2
6897,1
6898,1
6899,3
6900,1
6901,1
6902,1
6903,2
6904,3
6905,1
6906,3
6907,1
6908,1
6909,2
6910,3
6911,3
6912,2
6913,1
6914,2
6915,2
6916,1
6917,3
6918,1
6919,2
6920,3
6921,1
6922,1
6923,2
6924,2
6925,2
6926,2
6927,2
6928,1
6929,2
6930,2
6931,2
6932,3
6933,2
6934,3
6935,1
6936,3
6937,2
6938,3
6939,2
6940,3
6941,3
6942,1
6943,2
6944,3
6945,3
6946,2
6947,2
6948,1
6949,1
6950,1
6951,2
6952,1
6953,3
6954,3
6955,1
6956,2
6957,2
6958,1
6959,3
6960,1
6961,1
6962,3
6963,2
6964,1
6965,2
6966,1
6967,2
6968,2
6969,2
6970,2
6971,3
6972,3
6973,2
6974,3
6975,2
6976,2
6977,2
6978,3
6979,1
6980,1
6981,2
6982,1
6983,2
6984,1
6985,2
6986,3
6987,2
6988,3
6989,1
6990,2
6991,2
6992,2
6993,3
6994,2
6995,2
6996,3
6997,2
6998,3
6999,3
7000,2
7001,1
7002,1
7003,2
7004,1
7005,2
7006,3
7007,1
7008,1
7009,3
7010,2
7011,1
7012,2
7013,3
7014,2
7015,2
7016,1
7017,2
7018,2
7019,2
7020,3
7021,3
7022,3
7023,2
7024,2
7025,2
7026,2
7027,1
7028,1
7029,1
7030,3
7031,3
7032,3
7033,2
7034,1
7035,2
7036,1
7037,1
7038,3
7039,3
7040,2
7041,1
7042,2
7043,1
7044,1
7045,2
7046,1
7047,3
7048,1
7049,1
7050,1
7051,1
7052,1
7053,2
7054,3
7055,2
7056,1
7057,3
7058,2
7059,2
7060,1
7061,2
7062,3
7063,2
7064,1
7065,2
7066,2
7067,1
7068,2
7069,1
7070,3
7071,2
7072,1
7073,2
7074,2
7075,2
7076,3
7077,2
7078,3
7079,3
7080,3
7081,2
7082,3
7083,3
7084,2
7085,1
7086,2
7087,2
7088,2
7089,1
7090,3
7091,2
7092,2
7093,3
7094,3
7095,3
7096,1
7097,3
7098,2
7099,2
7100,3
7101,2
7102,2
7103,3
7104,3
7105,3
7106,3
7107,2
7108,2
7109,1
7110,1
7111,2
7112,3
7113,3
7114,3
7115,1
7116,2
7117,3
7118,1
7119,2
7120,2
7121,3
7122,2
7123,2
7124,2
7125,1
7126,3
7127,3
7128,1
7129,3
7130,2
7131,1
7132,3
7133,3
7134,1
7135,1
7136,3
7137,1
7138,3
7139,3
7140,2
7141,1
7142,3
7143,2
7144,3
7145,3
7146,3
7147,1
7148,2
7149,3
7150,3
7151,1
7152,3
7153,1
7154,1
7155,1
7156,2
7157,2
7158,3
7159,3
7160,2
7161,3
7162,2
7163,3
7164,1
7165,2
7166,1
7167,1
7168,3
7169,1
7170,3
7171,1
7172,2
7173,2
7174,3
7175,3
7176,2
7177,1
7178,2
7179,2
7180,1
7181,2
7182,1
7183,2
7184,3
7185,2
7186,3
7187,2
7188,3
7189,2
7190,2
7191,1
7192,2
7193,2
7194,3
7195,1
7196,1
7197,3
7198,1
7199,1
7200,2
7201,2
7202,3
7203,3
7204,1
7205,1
7206,3
7207,1
7208,1
7209,3
7210,3
7211,2
7212,3
7213,3
7214,2
7215,1
7216,3
7217,1
7218,2
7219,2
7220,1
7221,2
7222,3
7223,2
7224,2
7225,1
7226,1
7227,1
7228,1
7229,2
7230,3
7231,1
7232,1
7233,1
7234,3
7235,3
7236,2
7237,1
7238,2
7239,2
7240,3
7241,1
7242,3
7243,2
7244,2
7245,1
7246,3
7247,1
7248,3
7249,1
7250,1
7251,1
7252,2
7253,2
7254,3
7255,3
7256,1
7257,2
7258,3
7259,1
7260,3
7261,2
7262,3
7263,3
7264,1
7265,3
7266,1
7267,2
7268,1
7269,3
7270,2
7271,3
7272,3
7273,1
7274,3
7275,3
7276,2
7277,1
7278,2
7279,3
7280,2
7281,3
7282,1
7283,3
7284,1
7285,2
7286,2
7287,1
7288,2
7289,2
7290,2
7291,1
7292,2
7293,1
7294,3
7295,3
7296,1
7297,1
7298,2
7299,2
7300,2
7301,2
7302,1
7303,2
7304,3
7305,2
7306,1
7307,3
7308,2
7309,1
7310,3
7311,2
7312,3
7313,1
7314,2
7315,3
7316,1
7317,3
7318,2
7319,3
7320,2
7321,1
7322,3
7323,3
7324,3
7325,2
7326,2
7327,2
7328,2
7329,3
7330,3
7331,2
7332,3
7333,3
7334,2
7335,1
7336,2
7337,1
7338,3
7339,2
7340,3
7341,1
7342,1
7343,2
7344,1
7345,2
7346,1
7347,1
7348,2
7349,2
7350,2
7351,3
7352,3
7353,3
7354,1
7355,3
7356,2
7357,1
7358,3
7359,1
7360,1
7361,1
7362,2
7363,3
7364,3
7365,2
7366,3
7367,1
7368,3
7369,1
7370,1
7371,2
7372,1
7373,2
7374,1
7375,2
7376,2
7377,2
7378,1
7379,2
7380,1
7381,1
7382,1
7383,3
7384,1
7385,2
7386,1
7387,1
7388,2
7389,3
7390,3
7391,2
7392,1
7393,1
7394,1
7395,3
7396,3
7397,1
7398,2
7399,2
7400,1
7401,3
7402,1
7403,2
7404,1
7405,2
7406,2
7407,1
7408,1
7409,1
7410,3
7411,2
7412,3
7413,2
7414,2
7415,1
7416,2
7417,1
7418,1
7419,1
7420,2
7421,1
7422,2
7423,1
7424,3
7425,1
7426,1
7427,2
7428,2
7429,1
7430,1
7431,3
7432,1
7433,1
7434,1
7435,2
7436,1
7437,2
7438,2
7439,1
7440,3
7441,3
7442,3
7443,3
7444,1
7445,3
7446,3
7447,2
7448,2
7449,1
7450,1
7451,2
7452,1
7453,2
7454,1
7455,3
7456,3
7457,1
7458,1
7459,2
7460,1
7461,2
7462,3
7463,3
7464,1
7465,2
7466,1
7467,1
7468,2
7469,1
7470,1
7471,2
7472,2
7473,1
7474,3
7475,2
7476,3
7477,2
7478,1
7479,3
7480,1
7481,2
7482,3
7483,3
7484,2
7485,3
7486,2
7487,1
7488,2
7489,1
7490,2
7491,3
7492,1
7493,3
7494,2
7495,2
7496,2
7497,1
7498,1
7499,3
7500,3
7501,3
7502,3
7503,1
7504,2
7505,2
7506,1
7507,3
7508,3
7509,2
7510,2
7511,3
7512,1
7513,3
7514,2
7515,2
7516,3
7517,3
7518,1
7519,3
7520,2
7521,3
7522,2
7523,1
7524,3
7525,3
7526,2
7527,1
7528,2
7529,1
7530,3
7531,2
7532,2
7533,1
7534,3
7535,2
7536,2
7537,2
7538,3
7539,1
7540,1
7541,1
7542,3
7543,3
7544,2
7545,1
7546,2
7547,3
7548,2
7549,3
7550,2
7551,2
7552,1
7553,3
7554,2
7555,3
7556,3
7557,1
7558,2
7559,2
7560,1
7561,3
7562,1
7563,1
7564,3
7565,1
7566,3
7567,1
7568,2
7569,1
7570,1
7571,1
7572,2
7573,2
7574,1
7575,1
7576,2
7577,2
7578,3
7579,1
7580,1
7581,2
7582,2
7583,3
7584,3
7585,1
7586,3
7587,3
7588,3
7589,1
7590,3
7591,1
7592,2
7593,1
7594,1
7595,2
7596,2
7597,1
7598,3
7599,1
7600,1
7601,2
7602,2
7603,2
7604,3
7605,2
7606,1
7607,1
7608,2
7609,1
7610,2
7611,3
7612,3
7613,2
7614,3
7615,2
7616,1
7617,2
7618,1
7619,2
7620,1
7621,2
7622,1
7623,3
7624,1
7625,1
7626,1
7627,3
7628,2
7629,3
7630,3
7631,2
7632,1
7633,1
7634,3
7635,3
7636,2
7637,1
7638,2
7639,2
7640,2
7641,3
7642,1
7643,1
7644,2
7645,1
7646,3
7647,3
7648,3
7649,3
7650,1
7651,2
7652,3
7653,3
7654,2
7655,3
7656,1
7657,3
7658,1
7659,2
7660,2
7661,2
7662,3
7663,3
7664,1
7665,3
7666,2
7667,1
7668,1
7669,1
7670,3
7671,2
7672,1
7673,1
7674,1
7675,3
7676,2
7677,3
7678,2
7679,2
7680,1
7681,1
7682,3
7683,3
7684,1
7685,2
7686,3
7687,2
7688,1
7689,2
7690,2
7691,2
7692,1
7693,1
7694,2
7695,3
7696,1
7697,2
7698,3
7699,1
7700,2
7701,2
7702,2
7703,1
7704,3
7705,1
7706,1
7707,3
7708,1
7709,1
7710,1
7711,1
7712,2
7713,3
7714,3
7715,2
7716,2
7717,3
7718,3
7719,3
7720,3
7721,2
7722,1
7723,3
7724,2
7725,2
7726,3
7727,1
7728,2
7729,3
7730,2
7731,3
7732,2
7733,1
7734,2
7735,3
7736,3
7737,3
7738,2
7739,1
7740,2
7741,2
7742,1
7743,1
7744,1
7745,2
7746,3
7747,3
7748,1
7749,2
7750,3
7751,1
7752,1
7753,1
7754,1
7755,1
7756,2
7757,2
7758,1
7759,2
7760,1
7761,2
7762,1
7763,1
7764,2
7765,2
7766,2
7767,1
7768,2
7769,1
7770,1
7771,1
7772,3
7773,1
7774,2
7775,2
7776,2
7777,3
7778,3
7779,2
7780,1
7781,1
7782,2
7783,2
7784,3
7785,2
7786,2
7787,3
7788,2
7789,2
7790,3
7791,1
7792,1
7793,3
7794,2
7795,1
7796,3
7797,3
7798,1
7799,2
7800,2
7801,1
7802,2
7803,1
7804,3
7805,1
7806,1
7807,3
7808,2
7809,2
7810,3
7811,1
7812,1
7813,2
7814,3
7815,1
7816,3
7817,3
7818,2
7819,1
7820,3
7821,2
7822,1
7823,2
7824,1
7825,3
7826,2
7827,3
7828,2
7829,3
7830,2
7831,1
7832,2
7833,1
7834,2
7835,2
7836,2
7837,2
7838,2
7839,1
7840,2
7841,1
7842,2
7843,1
7844,1
7845,1
7846,3
7847,1
7848,3
7849,3
7850,2
7851,2
7852,1
7853,1
7854,1
7855,3
7856,1
7857,2
7858,1
7859,3
7860,3
7861,1
7862,2
7863,3
7864,1
7865,2
7866,1
7867,2
7868,2
7869,3
7870,3
7871,3
7872,2
7873,2
7874,1
7875,3
7876,3
7877,1
7878,2
7879,2
7880,2
7881,3
7882,3
7883,1
7884,3
7885,2
7886,1
7887,3
7888,2
7889,3
7890,1
7891,2
7892,3
7893,3
7894,2
7895,2
7896,2
7897,1
7898,2
7899,2
7900,2
7901,2
7902,1
7903,3
7904,2
7905,2
7906,1
7907,1
7908,2
7909,2
7910,1
7911,1
7912,2
7913,3
7914,2
7915,2
7916,3
7917,2
7918,1
7919,1
7920,1
7921,3
7922,1
7923,3
7924,2
7925,2
7926,1
7927,1
7928,1
7929,1
7930,3
7931,3
7932,2
7933,1
7934,1
7935,2
7936,1
7937,2
7938,1
7939,1
7940,1
7941,2
7942,1
7943,2
7944,1
7945,1
7946,2
7947,2
7948,1
7949,3
7950,2
7951,2
7952,2
7953,1
7954,1
7955,3
7956,2
7957,3
7958,1
7959,3
7960,3
7961,2
7962,3
7963,2
7964,3
7965,2
7966,3
7967,3
7968,3
7969,1
7970,1
7971,1
7972,3
7973,1
7974,2
7975,1
7976,2
7977,1
7978,2
7979,2
7980,3
7981,3
7982,2
7983,3
7984,3
7985,1
7986,2
7987,2
7988,2
7989,2
7990,2
7991,1
7992,1
7993,2
7994,3
7995,3
7996,2
7997,3
7998,2
7999,1
8000,2
8001,3
8002,1
8003,1
8004,1
8005,2
8006,2
8007,1
8008,1
8009,1
8010,2
8011,3
8012,3
8013,2
8014,2
8015,3
8016,1
8017,2
8018,3
8019,2
8020,1
8021,2
8022,2
8023,3
8024,1
8025,1
8026,1
8027,1
8028,1
8029,3
8030,3
8031,3
8032,1
8033,3
8034,1
8035,1
8036,1
8037,3
8038,1
8039,1
8040,3
8041,2
8042,2
8043,1
8044,3
8045,1
8046,1
8047,1
8048,1
8049,3
8050,1
8051,3
8052,2
8053,1
8054,2
8055,2
8056,1
8057,1
8058,2
8059,2
8060,1
8061,3
8062,3
8063,2
8064,1
8065,1
8066,1
8067,2
8068,2
8069,2
8070,1
8071,1
8072,2
8073,3
8074,3
8075,3
8076,1
8077,2
8078,1
8079,2
8080,1
8081,3
8082,1
8083,2
8084,3
8085,2
8086,3
8087,3
8088,1
8089,1
8090,2
8091,1
8092,2
8093,1
8094,3
8095,3
8096,2
8097,1
8098,2
8099,1
8100,2
8101,1
8102,2
8103,3
8104,1
8105,2
8106,1
8107,2
8108,2
8109,2
8110,2
8111,2
8112,2
8113,3
8114,1
8115,1
8116,3
8117,2
8118,3
8119,3
8120,2
8121,2
8122,1
8123,1
8124,2
8125,1
8126,2
8127,3
8128,2
8129,2
8130,2
8131,1
8132,3
8133,1
8134,1
8135,2
8136,3
8137,3
8138,3
8139,2
8140,3
8141,3
8142,1
8143,1
8144,2
8145,2
8146,2
8147,3
8148,2
8149,3
8150,1
8151,1
8152,2
8153,3
8154,3
8155,2
8156,2
8157,1
8158,1
8159,2
8160,1
8161,1
8162,2
8163,3
8164,1
8165,1
8166,1
8167,3
8168,1
8169,2
8170,2
8171,2
8172,1
8173,3
8174,3
8175,2
8176,1
8177,3
8178,3
8179,3
8180,3
8181,3
8182,1
8183,3
8184,2
8185,1
8186,2
8187,2
8188,2
8189,2
8190,2
8191,2
8192,2
8193,3
8194,2
8195,3
8196,2
8197,3
8198,3
8199,1
8200,2
8201,2
8202,2
8203,3
8204,1
8205,3
8206,2
8207,2
8208,1
8209,2
8210,2
8211,3
8212,1
8213,2
8214,1
8215,1
8216,3
8217,1
8218,2
8219,3
8220,2
8221,1
8222,2
8223,3
8224,2
8225,2
8226,2
8227,2
8228,2
8229,2
8230,3
8231,1
8232,1
8233,2
8234,2
8235,3
8236,1
8237,2
8238,1
8239,2
8240,3
8241,2
8242,1
8243,3
8244,2
8245,3
8246,2
8247,2
8248,1
8249,2
8250,1
8251,2
8252,3
8253,2
8254,3
8255,3
8256,3
8257,3
8258,1
8259,3
8260,2
8261,2
8262,2
8263,1
8264,1
8265,1
8266,3
8267,1
8268,2
8269,3
8270,3
8271,3
8272,1
8273,2
8274,3
8275,1
8276,3
8277,1
8278,1
8279,2
8280,1
8281,2
8282,2
8283,2
8284,1
8285,3
8286,3
8287,2
8288,3
8289,1
8290,1
8291,3
8292,2
8293,3
8294,1
8295,3
8296,3
8297,2
8298,1
8299,2
8300,3
8301,1
8302,1
8303,3
8304,3
8305,3
8306,3
8307,3
8308,3
8309,1
8310,1
8311,2
8312,2
8313,1
8314,1
8315,2
8316,1
8317,3
8318,1
8319,1
8320,1
8321,2
8322,1
8323,2
8324,3
8325,2
8326,2
8327,3
8328,1
8329,3
8330,3
8331,3
8332,1
8333,1
8334,1
8335,1
8336,3
8337,3
8338,1
8339,2
8340,3
8341,1
8342,1
8343,3
8344,3
8345,2
8346,2
8347,3
8348,2
8349,3
8350,3
8351,2
8352,1
8353,2
8354,2
8355,3
8356,1
8357,3
8358,1
8359,2
8360,2
8361,3
8362,2
8363,2
8364,2
8365,2
8366,1
8367,2
8368,2
8369,3
8370,2
8371,2
8372,1
8373,1
8374,2
8375,2
8376,2
8377,2
8378,3
8379,1
8380,1
8381,1
8382,2
8383,3
8384,3
8385,2
8386,2
8387,1
8388,1
8389,3
8390,1
8391,2
8392,1
8393,2
8394,1
8395,2
8396,1
8397,2
8398,2
8399,3
8400,2
8401,3
8402,3
8403,1
8404,1
8405,1
8406,1
8407,2
8408,2
8409,2
8410,2
8411,2
8412,3
8413,2
8414,1
8415,2
8416,2
8417,2
8418,1
8419,2
8420,3
8421,1
8422,1
8423,3
8424,2
8425,3
8426,1
8427,2
8428,1
8429,2
8430,2
8431,3
8432,1
8433,2
8434,2
8435,2
8436,2
8437,1
8438,2
8439,2
8440,3
8441,3
8442,1
8443,3
8444,1
8445,3
8446,3
8447,1
8448,1
8449,2
8450,2
8451,2
8452,2
8453,1
8454,3
8455,2
8456,2
8457,2
8458,3
8459,1
8460,2
8461,3
8462,3
8463,3
8464,1
8465,1
8466,1
8467,3
8468,2
8469,2
8470,2
8471,2
8472,2
8473,1
8474,1
8475,2
8476,1
8477,3
8478,1
8479,3
8480,1
8481,3
8482,1
8483,2
8484,1
8485,2
8486,2
8487,1
8488,2
8489,2
8490,2
8491,2
8492,3
8493,1
8494,2
8495,2
8496,3
8497,2
8498,3
8499,1
8500,1
8501,2
8502,1
8503,2
8504,3
8505,2
8506,2
8507,1
8508,3
8509,3
8510,1
8511,1
8512,1
8513,2
8514,2
8515,2
8516,3
8517,3
8518,2
8519,2
8520,2
8521,1
8522,2
8523,3
8524,3
8525,1
8526,3
8527,1
8528,3
8529,1
8530,2
8531,3
8532,2
8533,3
8534,1
8535,1
8536,3
8537,2
8538,2
8539,3
8540,1
8541,2
8542,2
8543,1
8544,3
8545,3
8546,1
8547,2
8548,1
8549,2
8550,3
8551,3
8552,2
8553,1
8554,2
8555,3
8556,2
8557,1
8558,2
8559,3
8560,3
8561,2
8562,3
8563,1
8564,3
8565,2
8566,1
8567,2
8568,2
8569,1
8570,1
8571,2
8572,1
8573,1
8574,1
8575,2
8576,1
8577,1
8578,1
8579,3
8580,1
8581,1
8582,3
8583,2
8584,2
8585,1
8586,1
8587,1
8588,3
8589,3
8590,3
8591,2
8592,1
8593,2
8594,1
8595,2
8596,2
8597,3
8598,1
8599,1
8600,3
8601,3
8602,1
8603,3
8604,2
8605,3
8606,1
8607,2
8608,3
8609,2
8610,1
8611,2
8612,3
8613,3
8614,2
8615,3
8616,2
8617,1
8618,1
8619,1
8620,2
8621,2
8622,2
8623,1
8624,2
8625,3
8626,1
8627,2
8628,3
8629,2
8630,3
8631,1
8632,2
8633,2
8634,2
8635,2
8636,2
8637,3
8638,2
8639,1
8640,1
8641,1
8642,3
8643,3
8644,3
8645,2
8646,3
8647,1
8648,2
8649,2
8650,3
8651,1
8652,3
8653,1
8654,3
8655,3
8656,3
8657,2
8658,1
8659,1
8660,3
8661,1
8662,2
8663,1
8664,3
8665,3
8666,1
8667,1
8668,3
8669,3
8670,1
8671,2
8672,3
8673,1
8674,1
8675,2
8676,1
8677,1
8678,1
8679,2
8680,1
8681,2
8682,2
8683,2
8684,2
8685,1
8686,3
8687,3
8688,1
8689,2
8690,3
8691,3
8692,3
8693,1
8694,2
8695,1
8696,2
8697,2
8698,3
8699,2
8700,3
8701,2
8702,2
8703,3
8704,2
8705,2
8706,2
8707,2
8708,3
8709,3
8710,3
8711,3
8712,3
8713,3
8714,2
8715,3
8716,2
8717,3
8718,1
8719,2
8720,1
8721,2
8722,1
8723,1
8724,2
8725,1
8726,2
8727,1
8728,3
8729,2
8730,3
8731,1
8732,2
8733,1
8734,1
8735,3
8736,1
8737,1
8738,2
8739,1
8740,2
8741,1
8742,3
8743,2
8744,1
8745,3
8746,3
8747,2
8748,2
8749,1
8750,1
8751,1
8752,3
8753,1
8754,3
8755,2
8756,1
8757,3
8758,1
8759,2
8760,1
8761,1
8762,2
8763,1
8764,2
8765,1
8766,1
8767,2
8768,2
8769,2
8770,1
8771,1
8772,1
8773,1
8774,1
8775,3
8776,2
8777,2
8778,2
8779,1
8780,2
8781,3
8782,2
8783,3
8784,2
8785,1
8786,2
8787,3
8788,1
8789,1
8790,1
8791,1
8792,2
8793,3
8794,3
8795,1
8796,2
8797,2
8798,2
8799,3
8800,2
8801,2
8802,2
8803,3
8804,3
8805,2
8806,1
8807,3
8808,2
8809,2
8810,1
8811,2
8812,2
8813,2
8814,2
8815,1
8816,1
8817,3
8818,1
8819,1
8820,1
8821,1
8822,3
8823,1
8824,3
8825,2
8826,3
8827,2
8828,1
8829,1
8830,2
8831,3
8832,2
8833,2
8834,2
8835,1
8836,3
8837,2
8838,1
8839,3
8840,1
8841,3
8842,1
8843,1
8844,1
8845,2
8846,3
8847,3
8848,2
8849,2
8850,2
8851,1
8852,1
8853,1
8854,1
8855,2
8856,2
8857,1
8858,2
8859,1
8860,2
8861,3
8862,2
8863,1
8864,1
8865,1
8866,3
8867,1
8868,1
8869,2
8870,1
8871,2
8872,1
8873,2
8874,3
8875,1
8876,1
8877,2
8878,1
8879,2
8880,3
8881,3
8882,3
8883,2
8884,2
8885,3
8886,1
8887,1
8888,2
8889,3
8890,1
8891,1
8892,3
8893,2
8894,1
8895,3
8896,3
8897,2
8898,3
8899,2
8900,1
8901,2
8902,1
8903,3
8904,2
8905,3
8906,2
8907,2
8908,1
8909,2
8910,1
8911,1
8912,3
8913,1
8914,3
8915,3
8916,1
8917,2
8918,1
8919,2
8920,1
8921,2
8922,2
8923,2
8924,2
8925,3
8926,3
8927,2
8928,1
8929,1
8930,1
8931,2
8932,2
8933,1
8934,3
8935,1
8936,1
8937,3
8938,1
8939,2
8940,3
8941,3
8942,2
8943,2
8944,1
8945,3
8946,3
8947,3
8948,1
8949,2
8950,1
8951,1
8952,2
8953,1
8954,1
8955,3
8956,1
8957,2
8958,1
8959,3
8960,3
8961,1
8962,1
8963,3
8964,3
8965,2
8966,1
8967,2
8968,2
8969,1
8970,2
8971,3
8972,3
8973,3
8974,1
8975,1
8976,3
8977,2
8978,2
8979,2
8980,3
8981,1
8982,1
8983,1
8984,3
8985,3
8986,1
8987,2
8988,1
8989,3
8990,1
8991,3
8992,2
8993,2
8994,1
8995,1
8996,3
8997,2
8998,1
8999,2
9000,3
9001,1
9002,3
9003,1
9004,1
9005,1
9006,3
9007,2
9008,2
9009,1
9010,2
9011,1
9012,2
9013,3
9014,2
9015,2
9016,1
9017,1
9018,3
9019,1
9020,1
9021,1
9022,3
9023,3
9024,3
9025,1
9026,3
9027,2
9028,2
9029,3
9030,1
9031,3
9032,1
9033,2
9034,2
9035,1
9036,1
9037,2
9038,3
9039,2
9040,1
9041,2
9042,1
9043,1
9044,3
9045,3
9046,3
9047,3
9048,1
9049,2
9050,1
9051,2
9052,3
9053,3
9054,2
9055,1
9056,1
9057,1
9058,2
9059,2
9060,2
9061,3
9062,3
9063,2
9064,3
9065,1
9066,1
9067,1
9068,1
9069,3
9070,1
9071,2
9072,3
9073,1
9074,3
9075,3
9076,3
9077,1
9078,2
9079,3
9080,2
9081,3
9082,1
9083,3
9084,3
9085,2
9086,1
9087,3
9088,2
9089,1
9090,3
9091,2
9092,1
9093,3
9094,2
9095,2
9096,1
9097,1
9098,3
9099,3
9100,2
9101,3
9102,1
9103,2
9104,3
9105,1
9106,2
9107,1
9108,1
9109,1
9110,3
9111,1
9112,1
9113,1
9114,1
9115,3
9116,1
9117,1
9118,3
9119,3
9120,2
9121,2
9122,2
9123,2
9124,1
9125,2
9126,3
9127,3
9128,2
9129,1
9130,2
9131,3
9132,2
9133,2
9134,1
9135,1
9136,2
9137,1
9138,1
9139,1
9140,1
9141,3
9142,2
9143,1
9144,1
9145,1
9146,1
9147,2
9148,1
9149,3
9150,2
9151,2
9152,2
9153,2
9154,3
9155,2
9156,1
9157,3
9158,1
9159,1
9160,2
9161,1
9162,3
9163,3
9164,2
9165,2
9166,3
9167,1
9168,1
9169,2
9170,1
9171,2
9172,2
9173,3
9174,1
9175,1
9176,1
9177,2
9178,1
9179,2
9180,2
9181,3
9182,2
9183,2
9184,1
9185,2
9186,3
9187,3
9188,3
9189,2
9190,2
9191,3
9192,1
9193,2
9194,3
9195,1
9196,1
9197,1
9198,1
9199,1
9200,2
9201,1
9202,2
9203,2
9204,1
9205,3
9206,1
9207,1
9208,1
9209,2
9210,2
9211,1
9212,2
9213,3
9214,3
9215,2
9216,1
9217,1
9218,1
9219,2
9220,3
9221,2
9222,1
9223,3
9224,3
9225,2
9226,1
9227,2
9228,1
9229,3
9230,1
9231,3
9232,3
9233,3
9234,1
9235,2
9236,3
9237,3
9238,1
9239,2
9240,2
9241,1
9242,3
9243,1
9244,1
9245,1
9246,2
9247,2
9248,2
9249,1
9250,3
9251,1
9252,1
9253,3
9254,2
9255,3
9256,1
9257,2
9258,1
9259,1
9260,2
9261,3
9262,1
9263,1
9264,1
9265,3
9266,1
9267,1
9268,3
9269,2
9270,3
9271,2
9272,2
9273,2
9274,1
9275,1
9276,1
9277,1
9278,2
9279,3
9280,2
9281,3
9282,1
9283,1
9284,1
9285,3
9286,2
9287,1
9288,1
9289,3
9290,1
9291,2
9292,3
9293,3
9294,2
9295,3
9296,2
9297,3
9298,3
9299,2
9300,1
9301,2
9302,2
9303,1
9304,2
9305,1
9306,1
9307,3
9308,2
9309,2
9310,1
9311,2
9312,2
9313,2
9314,1
9315,1
9316,1
9317,3
9318,3
9319,1
9320,1
9321,2
9322,1
9323,2
9324,3
9325,1
9326,2
9327,2
9328,2
9329,3
9330,3
9331,3
9332,1
9333,1
9334,1
9335,2
9336,1
9337,1
9338,1
9339,3
9340,2
9341,2
9342,1
9343,2
9344,2
9345,1
9346,3
9347,1
9348,2
9349,2
9350,2
9351,2
9352,3
9353,2
9354,2
9355,1
9356,1
9357,2
9358,1
9359,3
9360,1
9361,2
9362,2
9363,1
9364,2
9365,1
9366,2
9367,3
9368,1
9369,2
9370,3
9371,1
9372,1
9373,3
9374,2
9375,3
9376,2
9377,3
9378,1
9379,2
9380,3
9381,2
9382,3
9383,3
9384,3
9385,1
9386,1
9387,3
9388,1
9389,2
9390,2
9391,1
9392,3
9393,1
9394,3
9395,2
9396,1
9397,3
9398,1
9399,1
9400,2
9401,2
9402,1
9403,2
9404,2
9405,1
9406,3
9407,2
9408,2
9409,1
9410,1
9411,2
9412,3
9413,1
9414,3
9415,2
9416,1
9417,2
9418,1
9419,1
9420,1
9421,2
9422,1
9423,2
9424,1
9425,2
9426,2
9427,3
9428,1
9429,3
9430,1
9431,2
9432,2
9433,3
9434,2
9435,3
9436,2
9437,3
9438,2
9439,1
9440,2
9441,3
9442,1
9443,2
9444,2
9445,1
9446,2
9447,2
9448,2
9449,1
9450,1
9451,3
9452,3
9453,1
9454,1
9455,2
9456,3
9457,2
9458,1
9459,2
9460,2
9461,3
9462,2
9463,1
9464,1
9465,3
9466,1
9467,1
9468,3
9469,1
9470,2
9471,1
9472,1
9473,3
9474,1
9475,2
9476,1
9477,1
9478,2
9479,2
9480,3
9481,2
9482,1
9483,3
9484,3
9485,3
9486,1
9487,1
9488,2
9489,1
9490,1
9491,2
9492,2
9493,2
9494,1
9495,1
9496,2
9497,3
9498,3
9499,1
9500,3
9501,2
9502,1
9503,1
9504,2
9505,2
9506,2
9507,1
9508,3
9509,3
9510,2
9511,3
9512,1
9513,3
9514,2
9515,3
9516,3
9517,3
9518,2
9519,2
9520,2
9521,2
9522,2
9523,2
9524,1
9525,2
9526,1
9527,2
9528,2
9529,1
9530,1
9531,1
9532,3
9533,3
9534,2
9535,1
9536,1
9537,3
9538,3
9539,3
9540,2
9541,2
9542,2
9543,3
9544,1
9545,3
9546,2
9547,3
9548,1
9549,1
9550,2
9551,1
9552,1
9553,2
9554,2
9555,2
9556,2
9557,2
9558,2
9559,3
9560,3
9561,1
9562,1
9563,2
9564,2
9565,3
9566,1
9567,3
9568,1
9569,2
9570,3
9571,3
9572,3
9573,1
9574,1
9575,2
9576,1
9577,3
9578,3
9579,3
9580,2
9581,1
9582,2
9583,1
9584,2
9585,1
9586,1
9587,1
9588,1
9589,2
9590,1
9591,2
9592,3
9593,2
9594,1
9595,1
9596,1
9597,1
9598,2
9599,1
9600,1
9601,2
9602,2
9603,1
9604,1
9605,2
9606,1
9607,2
9608,2
9609,1
9610,2
9611,3
9612,1
9613,1
9614,2
9615,3
9616,3
9617,1
9618,1
9619,1
9620,3
9621,2
9622,3
9623,1
9624,2
9625,3
9626,3
9627,3
9628,1
9629,2
9630,3
9631,2
9632,2
9633,3
9634,3
9635,1
9636,2
9637,2
9638,1
9639,3
9640,2
9641,1
9642,3
9643,1
9644,1
9645,1
9646,1
9647,1
9648,2
9649,3
9650,3
9651,3
9652,2
9653,1
9654,1
9655,1
9656,3
9657,1
9658,1
9659,2
9660,2
9661,1
9662,2
9663,1
9664,3
9665,2
9666,2
9667,1
9668,1
9669,1
9670,3
9671,2
9672,1
9673,3
9674,3
9675,2
9676,3
9677,1
9678,1
9679,1
9680,3
9681,1
9682,2
9683,1
9684,1
9685,1
9686,2
9687,3
9688,2
9689,3
9690,1
9691,1
9692,3
9693,2
9694,1
9695,2
9696,2
9697,2
9698,2
9699,2
9700,1
9701,1
9702,3
9703,3
9704,1
9705,1
9706,1
9707,3
9708,3
9709,1
9710,3
9711,1
9712,1
9713,2
9714,3
9715,2
9716,2
9717,1
9718,1
9719,2
9720,1
9721,3
9722,3
9723,2
9724,3
9725,1
9726,2
9727,1
9728,3
9729,2
9730,3
9731,2
9732,2
9733,1
9734,1
9735,1
9736,3
9737,1
9738,3
9739,1
9740,3
9741,1
9742,1
9743,2
9744,3
9745,1
9746,1
9747,2
9748,2
9749,2
9750,1
9751,3
9752,2
9753,2
9754,3
9755,1
9756,2
9757,1
9758,1
9759,3
9760,2
9761,1
9762,2
9763,2
9764,1
9765,2
9766,1
9767,2
9768,2
9769,1
9770,2
9771,1
9772,1
9773,2
9774,1
9775,3
9776,3
9777,1
9778,3
9779,3
9780,1
9781,2
9782,2
9783,3
9784,2
9785,3
9786,2
9787,1
9788,1
9789,3
9790,1
9791,2
9792,3
9793,1
9794,3
9795,1
9796,2
9797,3
9798,2
9799,2
9800,1
9801,3
9802,3
9803,1
9804,3
9805,1
9806,2
9807,1
9808,2
9809,1
9810,2
9811,2
9812,2
9813,3
9814,1
9815,3
9816,2
9817,2
9818,2
9819,1
9820,2
9821,2
9822,3
9823,1
9824,1
9825,1
9826,2
9827,2
9828,2
9829,1
9830,1
9831,2
9832,2
9833,2
9834,3
9835,3
9836,3
9837,1
9838,3
9839,2
9840,3
9841,1
9842,1
9843,2
9844,1
9845,2
9846,1
9847,1
9848,3
9849,1
9850,1
9851,3
9852,2
9853,2
9854,1
9855,1
9856,3
9857,2
9858,3
9859,2
9860,3
9861,1
9862,3
9863,2
9864,1
9865,3
9866,3
9867,1
9868,1
9869,2
9870,1
9871,2
9872,2
9873,2
9874,1
9875,2
9876,2
9877,1
9878,2
9879,3
9880,3
9881,1
9882,2
9883,1
9884,2
9885,3
9886,1
9887,3
9888,3
9889,2
9890,3
9891,3
9892,1
9893,1
9894,2
9895,3
9896,1
9897,1
9898,3
9899,2
9900,1
9901,3
9902,3
9903,3
9904,1
9905,3
9906,3
9907,1
9908,2
9909,2
9910,1
9911,2
9912,2
9913,3
9914,3
9915,3
9916,3
9917,3
9918,1
9919,2
9920,2
9921,1
9922,1
9923,2
9924,2
9925,2
9926,1
9927,2
9928,1
9929,2
9930,2
9931,3
9932,1
9933,1
9934,2
9935,1
9936,2
9937,2
9938,1
9939,2
9940,3
9941,2
9942,1
9943,1
9944,1
9945,3
9946,3
9947,1
9948,1
9949,1
9950,2
9951,2
9952,2
9953,3
9954,1
9955,2
9956,1
9957,2
9958,1
9959,1
9960,1
9961,2
9962,3
9963,1
9964,2
9965,2
9966,2
9967,2
9968,1
9969,1
9970,1
9971,2
9972,1
9973,2
9974,1
9975,1
9976,2
9977,1
9978,1
9979,2
9980,3
9981,1
9982,2
9983,2
9984,1
9985,3
9986,2
9987,1
9988,1
9989,3
9990,1
9991,3
9992,3
9993,3
9994,3
9995,3
9996,1
9997,1
9998,3
9999,2
10000,1
